2606.03746
2606.00342
2606.01456
2605.31421
2606.01338
2605.30207
2605.30257
2606.00445
2605.29960
2606.01852
2606.00712
2605.30189
2606.00754
2605.29795
2605.30694
2606.03468
2606.02798
2605.30000
2606.00462
2605.29847
2605.30308
2605.30854
2605.29791
2605.30312
2606.03169
2605.29639
2605.31097
2605.29357
2605.29114
2605.28218
2605.29247
2605.28738
2605.27586
2606.00089
2605.27599
2605.28315
2605.30073
2605.28916
2605.28091
2605.29379
2605.27440
2605.30407
2605.27788
2605.27259
2605.27971
2605.28129
2605.26575
2605.27630
2605.29277
2605.28139
2605.27025
2605.29408
2605.25874
2605.28301
2605.25790
2605.27740
2605.26882
2605.28149
2605.26478
2605.25486
2605.25682
2605.28763
2605.25019
2605.25528
2605.25454
2605.26461
2605.27488
2605.24735
2605.26181
2605.26297
2605.25583
2605.24902
2605.25297
2605.24229
2605.27365
2605.24383
2605.24130
2605.23958
2605.25382
2605.23904
2605.25420
2605.27716
2605.23901
2605.23899
2605.25604
2605.26486
2605.29018
2605.26772
2605.23345
2605.23771
2605.23897
2605.24699
2605.24681
2605.23312
2605.23888
2605.29001
2605.22720
2605.23893
2605.22766
2605.23108
2605.25480
2605.23463
2605.22717
2605.22777
2605.23157
2605.22809
2605.23911
2605.22791
2605.23147
2605.22878
2605.23918
2605.22831
2605.23057
2605.22718
2605.23892
2605.23103
2605.23903
2605.24239
2605.29615
2605.22678
2605.22715
2605.22714
2605.23007
2605.22668
2605.22642
2605.22641
2605.22552
2605.21803
2605.21810
2605.27766
2605.24675
2605.21605
2605.22144
2605.30341
2605.22344
2605.22074
2605.21969
2605.21856
2605.22536
2605.22355
2605.22012
2605.22538
2605.21384
2605.21446
2605.22570
2605.21468
2605.22581
2605.21226
2605.21431
2605.21467
2605.21573
2605.21325
2605.22064
2605.21131
2605.21463
2605.21363
2605.20695
2605.22238
2605.21072
2605.21804
2605.22138
2605.22125
2605.20496
2605.21488
2605.20955
2605.21572
2605.20668
2605.22109
2605.20584
2605.21537
2605.22502
2605.22007
2605.21812
2605.21343
2605.20315
2605.20183
2605.22535
2605.20244
2605.20179
2605.20552
2605.22177
2605.21981
2605.20119
2605.20177
2605.20075
2605.20491
2605.20266
2605.20164
2605.20158
2605.19990
2605.20682
2605.20405
2605.21850
2605.20579
2605.20657
2605.20443
2605.20035
2605.20834
2605.20258
2605.19786
2605.20150
2605.19516
2605.20147
2605.19660
2605.19995
2605.19376
2605.20176
2605.19354
2605.19769
2605.19804
2605.19436
2605.21195
2605.20025
2605.20157
2605.20110
2605.19597
2605.20104
2605.19833
2605.20708
2605.19908
2605.19330
2605.20630
2605.20204
2605.19481
2605.20613
2605.19633
2605.20910
2605.19484
2605.19282
2605.19173
2605.19102
2605.18891
2605.18984
2605.18739
2605.18840
2605.18714
2605.18601
2605.18746
2605.18630
2605.18549
2605.18565
2605.19008
2605.18857
2605.18758
2605.18743
2605.18414
2605.18719
2605.19156
2605.18451
2605.18646
2605.18232
2605.18577
2605.18749
2605.18661
2605.18613
2605.18106
2605.18329
2605.18727
2605.18747
2605.18827
2605.17842
2605.17873
2605.18607
2605.17900
2605.17894
2605.18287
2605.18101
2605.18226
2605.18855
2605.17734
2605.18263
2605.17898
2605.18239
2605.17916
2605.17762
2605.17423
2605.17701
2605.17991
2605.19147
2605.18703
2605.17283
2605.17672
2605.17757
2605.17556
2605.18652
2605.18018
2605.17526
2605.17199
2605.17928
2605.17360
2605.16839
2605.17085
2605.17766
2605.17448
2605.17242
2605.17260
2605.17829
2605.17602
2605.17309
2605.16575
2605.16928
2605.17076
2605.16865
2605.17318
2605.17026
2605.16679
2605.16565
2605.17698
2605.16259
2605.16251
2605.17659
2605.16344
2605.16684
2605.16787
2605.18643
2605.17909
2605.18233
2605.16245
2605.16640
2605.16479
2605.16349
2605.16819
2605.16257
2605.16738
2605.17416
2605.15864
2605.15876
2605.15529
2605.15565
2605.15490
2605.15298
2605.15635
2605.15572
2605.15375
2605.15281
2605.15198
2605.16909
2605.16079
2605.15961
2605.15141
2605.15963
2605.15155
2605.16003
2605.15824
2605.15871
2605.15726
2605.15980
2605.15040
2605.15113
2605.14960
2605.15458
2605.15301
2605.15256
2605.15250
2605.14678
2605.15186
2605.15193
2605.14454
2605.14539
2605.15182
2605.14445
2605.14418
2605.14368
2605.14354
2605.15592
2605.14352
2605.14984
2605.15055
2605.15128
2605.15482
2605.14306
2605.14292
2605.14890
2605.14271
2605.14786
2605.14269
2605.14236
2605.14212
2605.14712
2605.14068
2605.14040
2605.14038
2605.14169
2605.13997
2605.13941
2605.13928
2605.13880
2605.16143
2605.13852
2605.13841
2605.14589
2605.13834
2605.14392
2605.14386
2605.13850
2605.14438
2605.14389
2605.13757
2605.13831
2605.13775
2605.13740
2605.13538
2605.13647
2605.13722
2605.13521
2605.13734
2605.13527
2605.13481
2605.14333
2605.13301
2605.13424
2605.13511
2605.13292
2605.13542
2605.13339
2605.13169
2605.14278
2605.13087
2605.13062
2605.13037
2605.13027
2605.12964
2605.13163
2605.12975
2605.13050
2605.12913
2605.12825
2605.12882
2605.12995
2605.13030
2605.12817
2605.12925
2605.12786
2605.12587
2605.12733
2605.12623
2605.12678
2605.12556
2605.12492
2605.12500
2605.12497
2605.12501
2605.12483
2605.12496
2605.12484
2605.12495
2605.12493
2605.12481
2605.12477
2605.12474
2605.12449
2605.12460
2605.12466
2605.12535
2605.12438
2605.12058
2605.12199
2605.12293
2605.12070
2605.12290
2605.12411
2605.11999
2605.12013
2605.12028
2605.12004
2605.12178
2605.12034
2605.11629
2605.11887
2605.11739
2605.11733
2605.11775
2605.11581
2605.11696
2605.11433
2605.11609
2605.11582
2605.11550
2605.11518
2605.11496
2605.11400
2605.11424
2605.11303
2605.11882
2605.11363
2605.11255
2605.11711
2605.11011
2605.11058
2605.11136
2605.10899
2605.10938
2605.10921
2605.10922
2605.10977
2605.10998
2605.11086
2605.10933
2605.10912
2605.10889
2605.11111
2605.10923
2605.10867
2605.16386
2605.10799
2605.10664
2605.10780
2605.10832
2605.10544
2605.10762
2605.10616
2605.10678
2605.10537
2605.10813
2605.10781
2605.10468
2605.10453
2605.16555
2605.10434
2605.10268
2605.09942
2605.09998
2605.10296
2605.10409
2605.10158
2605.09996
2605.10302
2605.09959
2605.10341
2605.10234
2605.10391
2605.10032
2605.09877
2605.09850
2605.09806
2605.09721
2605.09649
2605.09681
2605.09708
2605.09650
2605.09640
2605.09611
2605.09618
2605.09591
2605.09296
2605.09370
2605.09504
2605.09608
2605.09530
2605.09269
2605.09433
2605.09548
2605.09271
2605.09163
2605.09262
2605.09063
2605.08985
2605.09075
2605.09131
2605.09266
2605.09196
2605.08978
2605.08715
2605.08615
2605.08845
2605.08738
2605.08792
2605.08734
2605.10344
2605.08678
2605.08737
2605.08913
2605.08520
2605.08518
2605.08583
2605.08504
2605.08703
2605.08557
2605.08423
2605.08384
2605.08404
2605.08435
2605.08299
2605.08334
2605.08354
2605.08295
2605.08078
2605.08063
2605.08083
2605.15843
2605.08044
2605.07896
2605.08017
2605.07850
2605.07915
2605.08043
2605.07755
2605.07719
2605.07825
2605.07510
2605.08029
2605.07748
2605.07394
2605.07363
2605.07865
2605.07637
2605.07721
2605.07237
2605.07177
2605.07604
2605.07075
2605.07243
2605.07579
2605.07447
2605.07079
2605.07153
2605.07894
2605.16403
2605.07269
2605.07249
2605.07112
2605.07366
2605.07210
2605.06832
2605.07039
2605.06846
2605.06788
2605.06716
2605.06747
2605.06738
2605.06672
2605.06651
2605.06663
2605.06652
2605.06665
2605.06643
2605.06924
2605.06638
2605.06597
2605.06607
2605.06627
2605.06628
2605.06548
2605.06554
2605.06614
2605.06535
2605.06507
2605.06484
2605.06527
2605.06273
2605.06455
2605.06241
2605.06477
2605.06376
2605.06380
2605.06416
2605.15035
2605.07396
2605.06105
2605.06169
2605.06216
2605.06222
2605.06221
2605.06196
2605.05945
2605.05997
2605.06184
2605.06130
2605.05922
2605.06200
2605.05806
2605.05838
2605.05765
2605.05750
2605.05558
2605.05696
2605.05724
2605.05758
2605.05427
2605.05280
2605.05704
2605.05252
2605.05204
2605.05566
2605.05630
2605.05148
2605.16893
2605.05163
2605.05886
2605.05662
2605.05699
2605.04962
2605.05185
2605.15320
2605.05166
2605.05716
2605.05781
2605.04903
2605.05365
2605.14876
2605.05216
2605.04956
2605.04449
2605.04330
2605.04842
2605.15597
2605.04453
2605.04916
2605.04677
2605.04035
2605.04178
2605.03934
2605.04637
2605.04651
2605.04461
2605.14607
2605.04451
2605.04647
2605.15012
2605.04488
2605.04566
2605.04107
2605.04569
2605.04036
2605.15181
2605.03941
2605.04604
2605.03812
2605.03713
2605.03667
2605.03229
2605.03196
2605.03295
2605.02568
2605.04077
2605.03354
2605.03245
2605.03042
2605.02291
2605.03443
2605.02130
2605.03596
2605.03353
2605.03395
2605.06139
2605.01727
2605.02910
2605.02801
2605.02904
2605.03073
2605.02943
2605.03269
2605.02458
2605.03314
2605.03571
2605.02661
2605.02396
2605.01717
2605.01480
2605.02240
2605.02290
2605.02134
2605.00940
2605.01187
2605.04128
2605.00884
2605.02028
2605.00691
2605.15138
2605.01725
2605.03849
2605.01711
2605.01489
2605.01640
2605.01428
2605.01214
2605.01284
2605.01466
2605.00932
2605.00933
2605.02178
2605.00925
2605.00891
2605.00809
2605.00392
2605.02730
2605.00273
2605.00658
2605.00199
2605.00632
2605.00623
2605.00180
2605.00453
2605.00519
2605.00488
2605.00416
2605.00425
2605.00503
2605.00397
2605.00347
2605.15178
2604.28123
2605.00323
2605.00380
2604.28075
2605.15190
2604.27720
2605.00015
2605.00080
2604.28196
2604.27618
2604.27660
2604.28190
2604.28169
2605.00814
2604.28181
2604.27405
2604.27279
2604.28158
2604.28139
2604.27221
2604.27233
2604.27891
2604.28082
2604.28130
2604.27776
2604.27818
2604.27711
2604.27085
2604.27582
2605.03848
2604.27488
2604.27419
2604.27505
2604.27351
2604.27263
2604.28157
2604.27151
2604.27393
2604.27251
2604.28185
2604.27014
2604.27001
2604.26974
2604.28116
2604.26955
2604.26837
2604.26649
2604.26343
2604.26091
2604.26275
2604.25930
2604.25884
2604.26752
2604.25907
2604.26197
2604.26103
2604.25727
2604.26889
2604.26139
2604.25724
2604.25256
2604.26951
2604.26694
2604.25231
2605.00781
2604.26779
2604.25164
2604.26186
2604.24978
2604.26067
2605.00777
2604.26904
2604.24954
2604.25917
2604.25819
2604.25788
2604.25806
2604.25441
2604.25476
2604.25427
2604.25374
2604.25370
2604.24762
2604.24842
2604.24763
2604.25213
2604.24479
2605.01371
2604.24197
2604.25135
2604.24169
2604.24953
2604.24977
2604.25719
2604.24927
2604.24005
2604.25914
2604.23831
2604.24625
2604.24658
2604.24902
2604.24597
2604.24575
2604.23774
2604.24441
2604.23539
2604.23466
2604.24198
2604.24040
2604.24003
2604.24819
2604.23789
2604.23394
2604.23775
2604.23772
2604.23781
2604.23195
2604.23758
2604.23347
2604.23604
2604.23178
2604.23600
2604.24170
2604.23575
2604.24351
2604.22868
2604.23586
2604.22565
2604.22554
2604.22353
2605.00877
2604.23426
2604.22430
2604.24026
2604.22312
2604.24952
2604.22085
2604.22180
2604.21964
2604.22032
2604.22817
2604.22875
2604.21689
2605.04491
2604.22782
2604.22748
2604.22586
2604.22446
2604.22436
2604.22119
2604.22152
2604.21921
2604.21915
2604.21904
2604.21889
2604.21686
2605.01234
2604.23380
2604.21433
2604.21497
2604.21193
2604.21129
2604.21282
2604.21152
2604.21300
2604.23210
2604.21100
2604.20857
2604.20953
2604.25636
2604.20726
2604.20714
2604.20673
2604.21590
2604.21668
2604.20665
2604.21523
2604.20640
2604.20496
2604.21481
2604.20328
2604.21518
2604.21480
2604.21106
2604.21003
2604.21375
2604.20087
2604.20041
2604.20841
2604.21681
2604.19966
2604.20032
2604.21026
2604.20779
2604.20733
2604.19767
2604.19856
2604.20570
2604.19742
2604.20329
2604.23099
2604.20441
2604.20246
2604.20200
2604.20156
2604.20012
2604.19654
2604.19926
2604.19859
2604.19945
2604.19877
2604.19835
2604.19550
2604.19747
2604.19461
2604.19734
2604.19741
2604.24583
2604.19459
2604.19440
2604.19728
2604.19438
2604.19406
2604.19021
2604.19321
2604.19672
2604.19642
2604.18896
2604.18955
2604.19638
2604.19587
2604.18845
2604.19572
2604.19548
2604.18592
2604.18574
2604.18584
2604.19211
2604.18566
2604.19079
2604.18529
2604.18518
2604.27578
2604.18932
2604.18429
2604.18375
2604.18591
2604.18756
2604.18328
2604.18780
2604.19295
2604.18543
2604.18519
2604.18396
2604.18486
2604.18131
2604.17987
2604.18394
2604.18267
2604.18224
2604.18203
2604.18240
2604.18292
2604.18168
2604.25154
2604.18982
2604.17930
2604.17878
2604.17696
2604.17834
2604.17929
2604.17803
2604.17698
2604.17761
2604.17568
2604.17550
2604.17454
2604.17431
2605.02222
2604.23446
2604.17359
2604.17982
2604.17609
2604.17596
2604.17472
2604.24764
2604.17565
2604.17632
2604.17229
2604.17240
2604.17187
2604.17388
2604.19636
2604.17073
2604.19667
2604.17397
2604.17338
2604.16943
2604.16926
2604.17492
2604.17789
2604.16911
2604.17318
2604.16886
2604.17273
2604.17435
2604.16671
2604.17308
2604.16642
2604.16576
2604.16504
2604.19902
2604.16498
2604.17078
2604.16462
2604.16375
2604.16368
2604.16320
2604.16299
2604.16913
2604.16893
2604.16902
2604.19720
2604.16204
2604.16275
2604.16254
2605.16882
2604.16826
2604.18564
2604.16659
2604.15950
2604.15976
2604.15944
2604.16503
2604.15937
2604.16353
2604.16060
2604.16111
2604.16054
2604.16272
2604.18580
2604.16044
2604.15637
2604.16027
2604.16029
2604.15493
2604.15411
2604.15350
2604.15342
2604.15321
2604.15923
2604.15804
2604.15710
2604.15715
2604.17295
2604.15190
2604.15706
2604.15151
2604.15579
2604.15574
2604.15082
2604.20817
2604.15453
2604.21984
2604.19254
2604.15284
2604.15308
2604.15261
2604.15231
2604.15309
2604.15244
2605.02462
2604.16830
2604.15093
2604.14967
2604.26326
2604.14493
2604.14683
2604.14518
2604.14435
2604.14552
2604.17406
2604.14327
2604.14268
2604.14362
2604.14334
2604.14256
2604.14228
2604.14215
2604.14922
2604.14858
2604.14932
2604.14572
2604.14629
2604.14568
2604.14816
2604.14116
2604.14084
2604.14062
2604.14430
2604.14258
2604.14265
2604.14004
2604.13934
2604.13829
2604.14147
2604.14142
2604.14144
2604.14141
2604.14125
2604.14113
2604.14029
2604.13418
2604.14048
2604.16038
2604.13226
2604.13902
2604.16957
2604.13074
2604.13759
2604.19695
2604.13620
2604.13346
2604.13618
2604.13504
2604.13602
2604.13015
2604.13151
2604.13036
2604.13030
2604.14025
2604.13018
2604.13023
2604.12890
2604.13010
2604.12867
2604.12978
2604.12966
2604.19698
2604.12506
2604.12493
2604.12949
2604.12946
2604.12887
2604.12710
2604.12627
2604.12626
2604.12652
2604.15760
2604.12374
2604.12322
2604.12110
2604.16391
2604.12002
2604.12398
2604.12301
2604.15311
2604.12152
2604.12277
2604.12035
2604.12989
2604.11969
2604.11943
2604.11840
2604.11748
2604.11804
2604.11784
2604.15282
2604.11788
2604.11778
2604.14914
2604.11603
2604.11737
2604.11548
2604.11716
2604.11707
2604.13313
2604.11506
2604.11641
2604.11626
2604.11661
2604.11391
2604.14531
2604.11547
2604.11521
2604.11544
2604.11490
2604.11119
2604.11446
2604.11491
2604.15664
2604.11290
2604.13016
2604.11050
2604.11072
2604.10967
2604.11211
2604.11201
2604.11610
2604.10941
2604.10966
2604.14164
2604.13737
2604.11152
2604.11102
2604.17886
2604.11045
2604.11004
2604.10949
2604.20720
2604.10875
2604.10905
2604.13201
2604.10852
2604.10690
2604.10438
2604.10425
2604.11035
2604.10390
2604.10287
2604.10306
2604.10866
2604.10571
2604.10628
2604.10539
2604.10688
2604.10465
2604.10480
2604.10718
2604.10708
2604.10138
2604.10095
2604.10064
2604.09996
2604.09916
2604.09885
2604.10030
2604.09995
2604.09870
2604.09860
2604.10333
2604.09619
2604.09617
2604.10799
2604.10261
2604.09609
2604.09602
2604.09557
2604.09530
2604.09459
2604.10039
2604.09450
2604.10098
2604.09431
2604.09687
2604.09839
2604.09746
2604.12303
2604.09574
2604.09544
2604.09168
2604.09482
2604.09527
2604.09048
2604.08982
2604.09443
2604.09408
2604.09237
2604.09212
2604.08664
2604.08704
2604.09181
2604.14907
2604.11259
2604.08645
2604.08644
2604.12012
2604.08618
2604.08995
2604.08570
2604.08921
2604.08865
2604.08545
2604.08706
2604.08801
2604.08540
2604.12373
2604.11689
2604.08523
2604.08641
2604.11579
2604.08551
2604.08567
2604.08544
2604.11177
2604.08516
2604.08510
2604.08526
2604.14663
2604.08500
2604.12548
2604.08455
2604.08364
2604.10812
2604.08362
2604.10149
2604.08503
2604.08224
2604.08340
2604.08318
2604.08124
2604.08168
2604.08209
2604.08121
2604.08571
2604.08120
2604.08196
2604.08118
2604.08062
2604.08064
2604.08011
2604.07823
2604.07809
2604.13051
2604.07927
2604.07966
2604.07882
2604.08302
2604.07786
2604.07634
2604.07645
2604.07606
2604.07484
2604.07466
2604.07430
2604.07338
2604.07350
2604.12988
2604.07427
2604.07190
2604.07413
2604.07409
2604.09409
2604.07345
2604.07343
2604.07340
2604.07348
2604.07209
2604.07273
2604.08539
2604.06757
2604.06870
2604.10784
2604.07776
2604.06916
2604.07023
2604.07007
2604.06906
2604.06802
2604.06898
2604.06737
2604.06834
2604.06422
2604.06401
2604.06392
2604.06710
2604.08148
2604.06448
2604.09132
2604.06477
2604.08546
2604.06421
2604.06427
2604.06339
2604.06268
2604.12119
2604.06567
2604.06169
2604.07839
2604.06156
2604.06168
2604.08476
2604.06376
2604.05684
2604.09594
2604.06170
2604.06019
2604.05424
2604.05963
2604.06079
2604.05969
2604.05939
2604.06132
2604.05943
2604.11061
2604.05333
2604.05782
2604.05267
2604.05172
2604.05846
2604.05591
2604.05164
2604.05533
2604.05072
2604.04978
2604.05643
2604.05467
2604.05404
2604.05336
2604.05212
2604.05180
2604.05278
2604.04921
2604.05119
2604.05314
2604.05081
2604.04913
2604.05117
2604.07116
2604.04901
2604.04917
2604.04987
2604.04838
2604.04979
2604.04823
2604.05060
2604.04976
2604.04949
2604.09130
2604.04679
2604.06938
2604.04936
2604.04937
2604.04934
2604.04872
2604.04804
2605.00754
2604.04787
2604.04354
2604.04759
2604.04771
2604.04746
2604.04707
2604.04780
2604.04562
2604.04503
2604.04182
2604.04155
2604.04415
2604.04514
2604.07296
2604.05015
2604.04332
2604.03841
2604.04911
2604.04319
2604.04323
2604.04215
2604.03679
2604.04247
2604.04202
2604.03585
2604.04088
2604.04064
2604.03995
2604.08172
2604.03266
2604.04356
2604.06159
2604.03782
2604.03695
2604.03619
2604.03480
2604.03291
2604.03279
2604.07394
2604.04184
2604.03687
2604.03993
2604.07902
2604.02648
2604.02684
2604.03088
2604.02652
2604.02486
2604.03295
2604.02368
2604.03144
2604.02721
2604.03118
2604.02330
2604.02947
2604.03121
2604.02329
2604.03128
2604.03016
2604.02754
2604.02324
2604.02605
2604.02319
2604.02268
2604.02372
2604.02211
2604.02870
2604.02158
2604.03196
2604.06183
2604.02029
2604.02088
2604.02344
2604.02340
2604.01973
2604.06912
2604.01779
2604.01811
2604.01765
2604.03057
2604.01751
2604.02317
2604.01687
2604.01702
2604.01682
2604.02556
2604.02288
2604.02289
2604.02190
2604.02176
2604.02315
2604.02097
2604.01622
2604.01609
2604.02045
2604.01496
2604.04767
2604.01483
2604.01479
2604.04734
2604.01848
2604.01354
2604.01929
2604.01760
2604.01666
2604.01674
2604.04385
2604.01152
2604.01591
2604.01569
2604.01658
2604.01618
2604.01007
2604.00986
2604.03253
2604.00913
2604.01411
2604.01202
2604.01220
2604.01194
2604.01168
2604.01193
2604.01052
2604.16680
2604.01029
2604.01001
2604.01014
2604.00917
2604.05091
2604.00892
2604.00886
2604.00375
2604.00356
2604.00362
2604.00830
2604.00842
2604.00829
2604.00788
2604.00610
2604.00698
2604.00626
2604.06609
2604.00528
2604.00479
2604.04074
2604.00025
2603.29664
2604.00012
2603.29557
2603.29497
2603.29437
2603.29339
2604.00093
2604.00073
2604.00007
2603.29890
2603.30043
2603.29197
2603.29640
2603.29585
2603.29852
2603.29093
2603.29089
2603.29387
2603.29422
2603.29042
2603.29038
2603.28952
2603.29322
2603.28888
2603.28793
2603.28784
2603.28763
2603.29247
2603.28670
2603.29092
2603.28610
2603.29025
2603.29029
2603.28858
2603.28713
2603.28407
2604.02447
2604.03231
2603.28766
2603.28589
2603.29002
2603.28547
2603.28309
2603.28123
2604.01043
2604.05716
2603.28480
2603.28052
2603.28458
2603.28038
2603.27950
2603.28021
2603.27908
2604.01619
2603.28376
2603.28301
2603.28342
2603.28130
2603.27813
2603.27751
2603.28088
2603.28762
2603.28068
2603.28069
2603.27646
2603.27569
2603.27538
2603.28032
2604.00238
2603.27859
2604.00778
2603.27440
2603.27844
2603.28489
2604.02073
2603.27771
2603.27703
2603.27666
2603.27490
2603.27520
2603.27593
2603.27862
2604.01298
2603.27449
2604.01404
2603.27008
2603.27040
2603.26769
2603.27015
2604.02327
2603.26673
2603.27183
2603.27481
2603.26653
2603.26639
2603.26310
2603.29957
2603.27437
2603.29993
2603.26250
2603.26259
2603.27365
2603.27304
2603.27065
2603.26246
2603.25930
2603.27070
2603.26664
2603.25926
2603.25832
2603.27055
2603.25804
2603.26661
2603.26610
2604.03922
2603.26599
2603.27048
2603.30045
2603.28224
2603.26648
2603.27064
2603.26017
2603.26174
2603.26233
2603.25791
2603.25764
2603.25562
2603.25502
2603.29961
2603.25240
2603.25220
2603.25746
2603.25716
2603.25728
2603.25745
2603.25730
2603.25741
2603.25702
2603.25398
2604.00222
2603.24844
2603.25551
2603.25158
2604.00590
2603.24943
2603.25040
2603.24961
2603.25111
2603.24881
2603.24836
2603.24793
2603.25155
2603.24520
2603.24517
2603.24506
2603.24662
2603.24755
2603.24440
2603.24432
2603.24373
2603.24586
2603.24652
2603.24649
2603.24575
2603.24533
2603.24508
2603.24477
2603.24472
2603.24458
2603.24177
2603.23841
2603.23806
2603.23710
2604.25032
2603.23640
2603.23638
2603.23528
2603.26164
2603.23516
2603.23500
2603.23513
2603.23499
2603.23497
2603.23906
2603.24036
2603.24329
2603.24157
2603.23482
2603.23607
2603.23582
2603.23994
2603.23883
2603.23462
2603.23405
2603.23343
2603.22942
2603.23495
2603.26839
2603.23483
2603.22847
2603.25732
2603.22794
2603.22782
2603.23478
2603.22748
2603.22538
2603.22536
2603.22918
2603.22816
2603.22779
2603.22758
2603.24963
2603.22606
2603.22570
2603.22582
2603.26357
2603.25723
2603.26546
2603.24800
2603.22341
2603.22276
2603.22458
2603.22455
2603.22386
2604.01487
2603.22212
2603.22120
2603.22330
2603.22286
2603.22078
2603.22281
2603.22446
2603.22117
2603.22118
2603.22075
2603.22061
2603.22057
2603.22053
2603.22042
2603.22017
2603.22003
2603.22241
2603.21972
2603.21986
2603.21847
2603.22917
2603.21990
2603.21944
2603.21768
2603.21854
2603.21872
2603.21937
2603.21884
2603.22899
2603.21531
2603.21434
2603.21461
2603.21682
2603.21416
2603.21365
2603.21606
2603.21341
2603.21077
2603.25245
2603.22730
2603.22275
2603.20920
2603.20912
2603.20898
2603.20889
2603.21489
2603.21618
2603.20661
2603.21342
2603.20642
2603.21786
2603.20639
2603.21315
2603.21289
2603.22287
2603.21383
2603.20582
2603.21064
2603.20475
2603.20533
2603.21065
2603.20421
2603.20278
2603.20276
2603.20957
2603.20264
2603.24574
2603.20275
2603.20223
2603.20219
2603.20210
2603.20686
2603.21304
2603.20667
2603.20043
2603.19987
2603.19753
2603.20576
2603.19744
2603.20422
2603.19685
2603.20538
2603.19588
2603.22359
2603.23539
2603.20172
2603.20176
2603.20105
2603.19470
2603.19835
2603.24607
2603.19708
2603.19635
2603.23297
2603.19809
2603.19660
2603.19570
2603.19527
2603.19228
2603.19500
2603.19223
2603.19224
2603.19415
2603.19466
2603.19203
2603.19199
2603.19453
2603.19258
2603.19598
2603.19232
2603.19234
2603.19235
2603.22285
2603.19217
2603.19028
2603.25645
2603.18718
2603.19173
2603.19195
2603.18815
2603.18795
2603.19076
2603.18742
2603.19400
2603.18655
2603.18079
2603.18558
2603.18049
2603.18472
2603.18002
2603.17989
2603.21460
2603.18178
2603.18353
2603.17924
2603.18171
2603.17866
2603.17839
2603.17768
2603.17662
2603.17617
2603.17540
2603.17484
2603.18911
2603.19220
2603.17995
2603.17965
2603.17942
2603.17240
2603.17891
2603.17205
2603.17191
2603.17735
2603.17621
2603.17187
2603.17079
2603.17117
2603.17150
2603.17512
2603.17378
2603.25823
2603.17198
2603.18118
2603.17216
2603.17592
2603.16861
2603.16792
2603.17554
2603.20466
2603.17024
2603.18233
2603.16870
2603.16733
2604.00159
2603.26728
2603.16653
2603.16669
2603.16649
2603.16859
2603.16853
2603.16856
2603.16844
2603.16777
2603.16749
2603.16790
2603.21533
2603.16642
2603.19571
2603.16536
2603.17218
2603.16869
2603.16335
2603.16184
2603.15970
2603.16110
2603.16171
2603.20192
2603.16197
2603.16050
2603.15799
2603.15624
2603.15619
2603.19231
2603.16455
2603.15618
2603.16496
2603.16448
2603.16077
2603.16139
2603.16039
2603.16060
2603.15929
2603.16343
2603.15569
2603.15653
2603.15389
2603.15309
2603.15614
2603.15132
2603.15612
2603.15031
2603.15034
2603.15594
2603.15016
2603.15611
2603.15013
2603.15590
2603.15583
2603.15003
2603.16063
2603.15555
2603.14935
2603.15557
2603.14732
2603.15563
2603.14723
2603.14706
2603.26657
2603.15401
2603.15118
2603.15150
2603.15030
2603.15083
2603.15026
2603.14806
2603.14366
2603.14347
2603.14659
2603.14704
2603.14636
2603.14628
2603.14610
2603.14134
2603.14465
2603.14456
2603.14482
2603.13875
2603.13884
2603.14473
2603.14588
2603.23404
2603.13810
2603.14375
2603.13633
2603.13672
2603.14371
2603.14326
2603.14153
2603.14312
2603.13537
2603.14313
2603.14152
2603.14145
2603.13964
2603.25100
2603.14079
2603.13985
2603.14597
2603.13398
2603.13962
2603.14108
2603.13768
2603.13071
2603.13636
2603.13627
2603.13606
2603.13617
2603.13717
2603.13539
2603.13517
2603.13518
2603.14645
2603.13428
2603.13379
2603.13391
2603.13395
2603.13351
2603.13366
2603.13224
2603.13089
2603.13045
2603.13032
2603.13033
2603.13023
2603.12935
2603.12916
2603.12824
2603.28590
2603.13157
2603.12634
2603.12861
2603.12257
2603.12254
2603.12813
2603.12743
2603.12265
2603.12768
2603.12465
2603.12793
2603.12597
2603.12588
2603.12396
2603.12262
2603.12533
2603.12572
2603.12266
2603.12522
2603.12475
2603.12648
2603.12372
2603.13765
2603.12310
2603.12252
2603.11804
2603.12247
2603.11653
2603.11535
2603.12228
2603.12145
2603.11327
2603.12057
2603.12056
2603.12046
2603.11881
2603.13131
2603.12089
2603.11749
2603.11665
2603.12106
2603.11058
2603.11076
2603.11647
2603.11047
2603.11531
2603.11042
2603.10926
2603.11421
2603.11504
2603.10848
2603.10793
2603.10795
2603.10904
2603.10899
2603.10767
2603.10781
2603.10757
2603.10474
2603.10604
2603.12201
2603.10369
2603.11274
2603.11243
2603.10295
2603.11103
2603.11048
2603.11178
2603.11027
2603.10126
2603.10910
2603.10913
2603.10099
2603.11382
2603.10011
2603.10008
2603.10009
2603.10744
2603.11510
2603.10026
2603.19456
2603.10444
2603.09997
2603.10505
2603.10652
2603.10420
2603.09970
2603.09985
2603.10702
2603.09930
2603.10365
2603.09877
2603.09400
2603.09229
2603.10256
2603.10178
2603.10263
2603.10160
2603.10101
2603.10145
2603.10125
2603.10055
2603.10098
2603.09117
2603.10705
2603.09951
2603.09906
2603.09884
2603.09938
2603.09881
2603.09821
2603.09555
2603.09290
2603.09723
2603.09827
2603.09488
2603.09652
2603.09200
2603.09221
2603.09206
2603.09095
2603.09160
2603.09078
2603.09167
2603.09072
2603.11601
2603.08561
2603.09051
2603.08942
2603.08993
2603.08652
2603.08369
2603.08372
2603.08228
2603.08792
2603.08650
2603.08713
2603.08771
2603.08397
2603.07980
2603.07988
2603.08000
2603.07901
2603.08648
2603.08703
2603.27341
2603.07737
2603.07727
2603.07708
2603.07645
2603.08316
2603.08806
2603.08754
2603.07457
2603.07401
2603.08823
2603.19227
2603.08258
2603.08309
2603.08262
2603.08589
2603.08982
2603.07382
2603.07390
2603.08462
2603.07315
2603.08679
2603.07244
2603.07223
2603.07285
2603.07169
2603.07888
2603.07815
2603.07779
2603.07799
2603.07865
2603.06880
2603.07700
2603.06905
2603.06926
2603.07660
2603.07561
2603.07534
2603.06453
2603.06410
2603.07475
2603.07392
2603.07777
2603.06190
2603.06148
2603.07331
2603.05811
2603.07287
2603.05890
2603.05839
2603.07145
2603.07236
2603.07233
2603.07276
2603.07066
2603.05735
2603.08127
2603.05587
2603.05706
2603.06987
2603.06679
2603.05451
2603.06577
2603.06713
2603.05439
2603.06569
2603.06408
2603.06351
2603.06333
2603.06743
2603.05344
2603.06199
2603.06331
2603.09018
2603.05232
2603.05888
2603.05940
2603.04948
2603.04917
2603.04893
2603.04887
2603.05711
2603.05863
2603.04791
2603.05630
2603.04878
2603.05607
2603.04738
2603.05504
2603.05494
2603.04621
2603.04737
2603.05449
2603.04537
2603.05438
2603.05483
2603.05433
2603.05413
2603.05369
2603.04304
2603.05181
2603.05117
2603.05168
2603.05218
2603.04892
2603.04800
2603.04750
2603.04743
2603.05484
2603.04639
2603.04448
2603.04553
2603.04735
2603.04428
2603.04413
2603.04445
2603.04419
2603.04407
2603.04370
2603.04338
2603.04291
2603.03975
2603.03823
2603.03447
2603.03825
2603.04254
2603.04124
2603.03379
2603.03985
2603.03583
2603.03276
2603.03143
2603.03957
2603.03942
2603.03338
2603.03018
2603.03281
2603.02684
2603.03319
2603.03288
2603.03756
2603.03283
2603.03646
2603.03418
2603.03544
2603.03282
2603.04035
2603.03194
2603.03195
2603.03163
2603.03197
2603.02924
2603.03142
2603.02802
2603.02202
2603.02208
2603.02765
2603.02667
2603.02615
2603.02641
2603.02816
2603.02604
2603.02573
2603.02554
2603.02578
2603.02479
2603.02482
2603.02498
2603.02398
2603.02271
2603.02175
2603.02170
2603.02133
2603.02188
2603.02049
2603.02083
2603.01973
2603.02203
2603.01999
2603.01493
2603.01896
2603.01960
2603.01421
2603.01400
2603.01907
2603.01990
2603.01847
2603.01824
2603.01281
2603.01840
2603.01804
2603.01697
2603.01571
2603.01576
2603.01562
2603.01494
2603.01463
2603.01486
2603.01425
2603.01375
2603.00516
2603.01223
2603.01236
2603.01203
2603.01152
2603.00912
2603.01059
2603.01068
2603.01142
2603.00841
2603.00729
2603.01096
2603.00618
2603.00610
2603.00586
2603.00585
2603.00483
2603.00549
2603.01563
2603.01211
2602.24289
2602.23952
2602.24208
2602.24286
2602.23717
2602.23873
2603.00446
2603.00314
2602.24012
2603.00076
2602.24211
2603.00062
2602.23649
2603.00195
2602.24125
2602.23996
2603.00141
2602.23866
2603.00889
2602.24281
2602.23906
2603.00541
2603.00656
2602.23408
2602.24181
2602.23234
2602.23881
2602.23823
2602.23047
2602.23359
2602.23543
2602.24233
2602.22779
2602.23620
2602.23289
2602.22721
2602.23205
2602.23393
2602.22918
2602.22718
2602.22660
2602.23898
2602.23622
2602.22953
2602.23280
2602.23546
2602.23679
2602.22839
2602.22479
2602.22442
2602.22208
2602.22752
2602.22144
2602.22766
2602.22045
2602.23058
2602.23363
2602.23166
2602.23452
2602.22675
2602.22661
2602.22638
2602.23496
2602.22523
2602.22437
2602.22495
2602.22600
2602.22242
2602.22436
2602.22190
2602.22207
2602.22594
2602.22010
2602.21835
2602.23361
2602.22647
2602.21818
2602.21877
2602.21185
2602.21247
2602.21204
2602.21317
2602.21461
2602.21778
2602.21568
2602.20945
2602.21760
2602.21548
2602.23008
2602.21472
2602.21320
2602.20792
2602.21103
2602.21456
2602.20731
2602.21202
2602.23165
2602.21233
2602.21053
2602.21201
2602.20424
2602.21193
2602.20470
2602.21015
2602.21042
2602.21275
2602.21198
2602.20981
2602.21374
2602.21420
2602.20161
2602.21196
2602.21773
2602.20933
2602.20913
2602.20122
2602.20130
2602.20031
2602.20904
2602.20857
2602.20022
2602.20903
2602.19873
2602.19837
2602.19818
2602.20743
2602.19560
2602.19548
2602.19353
2602.19313
2602.19294
2602.19163
2602.20273
2602.20309
2602.19006
2602.19020
2602.18998
2602.20300
2602.20160
2602.18966
2602.18735
2602.18806
2602.20093
2602.19896
2602.20021
2602.18662
2602.18589
2602.19895
2602.18549
2602.19626
2602.18540
2602.19594
2602.18514
2602.19633
2602.18432
2602.18358
2602.19409
2602.21226
2602.19320
2602.19424
2602.19089
2602.18224
2602.18253
2602.18012
2602.19004
2602.17939
2602.18007
2602.17810
2602.18996
2602.17693
2602.17664
2602.17642
2602.20159
2602.17650
2602.18993
2602.18915
2602.18742
2602.18940
2602.17602
2602.17340
2602.18527
2602.18532
2602.17284
2602.17093
2602.18640
2602.17267
2602.17171
2602.17004
2602.17259
2602.19455
2602.16939
2602.18312
2602.16968
2602.18422
2602.18283
2602.18071
2602.16931
2602.16932
2602.16900
2602.16893
2602.16871
2602.16863
2602.16855
2602.16840
2602.16800
2602.18333
2602.16803
2602.17807
2602.17288
2602.17588
2602.16729
2602.17393
2602.16709
2602.17365
2602.17186
2602.17100
2602.17047
2602.17080
2602.16915
2602.16872
2602.16835
2602.17022
2602.16742
2602.16802
2602.16990
2602.16745
2602.16666
2602.16699
2602.16704
2602.16653
2602.15485
2602.16259
2602.15417
2602.15407
2602.16603
2602.16493
2602.15869
2602.16261
2602.16124
2602.15706
2602.16432
2602.16173
2602.15763
2602.15927
2602.15327
2602.15922
2602.15190
2602.15195
2602.15156
2602.14955
2602.15381
2602.14980
2602.15547
2602.15772
2602.15382
2602.14942
2602.14903
2602.14868
2602.14733
2602.14771
2602.14721
2602.15814
2602.15620
2602.15749
2602.16110
2602.15322
2602.14602
2602.15200
2602.14498
2602.16317
2602.15259
2602.16301
2602.14492
2602.15449
2602.15143
2602.14358
2602.15112
2602.15823
2602.15809
2602.15031
2602.15030
2602.14878
2602.14941
2602.14178
2602.14917
2602.14979
2602.14696
2602.13964
2602.14672
2602.14111
2602.14560
2602.14524
2602.14514
2602.13576
2602.14444
2602.14486
2602.14367
2602.14337
2602.13346
2602.14301
2602.14457
2602.14234
2602.13949
2602.14060
2602.14296
2602.14279
2602.13738
2602.13571
2602.12978
2602.12876
2602.13516
2602.13515
2602.13579
2602.12735
2602.12783
2602.13367
2602.13294
2602.12395
2602.13165
2602.13191
2602.13324
2602.13195
2602.13139
2602.13093
2602.15278
2602.12280
2602.12279
2602.13028
2602.12806
2602.12675
2602.12684
2602.12628
2602.12705
2602.12617
2602.12586
2602.12529
2602.12763
2602.12354
2602.12299
2602.12323
2602.12235
2602.12262
2602.12249
2602.12176
2602.12984
2602.12192
2602.12203
2602.13899
2602.11769
2602.11858
2602.12096
2602.12612
2602.11663
2602.11609
2602.12160
2602.12036
2602.12116
2602.11733
2602.12092
2602.11968
2602.11761
2602.11451
2602.12108
2602.11481
2602.11410
2602.11342
2602.12005
2602.11389
2602.11683
2602.11511
2602.11235
2602.11251
2602.11731
2602.11137
2602.11229
2602.11103
2602.12153
2602.11055
2602.12056
2602.11865
2602.11574
2602.10927
2602.10999
2602.11757
2602.12100
2602.11636
2602.10693
2602.10718
2602.10652
2602.11543
2602.11298
2602.11337
2602.11551
2602.12099
2602.11567
2602.11236
2602.11910
2602.11149
2602.11124
2602.11089
2602.11075
2602.10604
2602.11144
2602.10224
2602.10231
2602.10975
2602.10915
2602.10758
2602.10778
2602.10699
2602.10748
2602.12125
2602.10090
2602.10609
2602.10575
2602.10367
2602.10377
2602.10501
2602.10585
2602.10238
2602.10229
2602.10498
2602.09891
2602.10179
2602.10159
2602.10177
2602.09782
2602.09591
2602.10116
2602.09443
2602.10106
2602.10751
2602.10099
2602.09319
2602.11748
2602.10102
2602.09194
2602.10098
2602.10063
2602.09112
2602.09934
2602.09022
2602.09153
2602.09945
2602.09901
2602.09017
2602.11008
2602.09856
2602.09870
2602.09823
2602.08961
2602.08955
2602.09514
2602.08915
2602.09829
2602.09877
2602.08847
2602.09775
2602.08914
2602.09185
2602.09439
2602.09310
2602.09268
2602.08711
2602.08683
2602.09021
2602.09024
2602.09082
2602.09003
2602.09000
2602.09007
2602.08829
2602.08818
2602.09016
2602.08934
2602.08808
2602.08741
2602.09070
2602.09713
2602.08602
2602.08232
2602.08321
2602.08377
2602.08226
2602.10210
2602.08030
2602.08025
2602.08099
2602.08187
2602.08145
2602.08629
2602.07900
2602.08519
2602.08344
2602.08227
2602.08234
2602.09662
2602.07673
2602.07491
2602.07845
2602.08543
2602.08236
2602.07309
2602.07962
2602.08222
2602.08489
2602.07247
2602.07840
2602.08439
2602.07156
2602.07153
2602.07150
2602.07803
2602.08277
2602.07839
2602.07055
2602.07796
2602.07854
2602.07837
2602.07376
2602.07398
2602.07025
2602.07345
2602.07298
2602.08253
2602.07892
2602.06909
2602.06890
2602.07283
2602.07274
2602.07306
2602.07276
2602.08503
2602.07266
2602.06820
2602.07149
2602.06654
2602.06669
2602.07080
2602.07085
2602.07106
2602.07075
2602.07755
2602.06454
2602.06471
2602.06355
2602.06291
2602.06964
2602.06949
2602.07035
2602.06960
2602.06942
2602.06869
2602.06130
2602.06841
2602.06129
2602.06724
2602.06570
2602.06036
2602.06566
2602.06717
2602.06030
2602.06694
2602.06000
2602.05975
2602.05885
2602.05857
2602.05871
2602.06391
2602.05711
2602.06161
2602.06176
2602.05708
2602.06053
2602.06057
2602.06139
2602.05547
2602.05494
2602.06028
2602.06034
2602.06008
2602.05293
2602.05929
2602.05848
2602.05933
2602.06663
2602.05843
2602.05892
2602.05827
2602.05842
2602.06422
2602.05847
2602.05548
2602.05551
2602.05488
2602.05449
2602.06079
2602.05400
2602.05435
2602.05386
2602.06075
2602.05261
2602.05281
2602.05258
2602.05367
2602.06035
2602.05216
2602.06932
2602.04705
2602.05233
2602.05200
2602.05115
2602.05000
2602.04908
2602.04883
2602.04884
2602.05940
2602.04486
2602.04879
2602.04998
2602.04813
2602.04789
2602.04935
2602.04805
2602.04811
2602.04837
2602.05085
2602.05027
2602.04735
2602.05073
2602.04804
2602.04284
2602.04942
2602.04651
2602.04683
2602.04163
2602.03979
2602.03955
2602.04649
2602.04575
2602.04634
2602.04515
2602.05393
2602.04460
2602.03784
2602.03796
2602.03798
2602.04458
2602.04442
2602.04454
2602.05139
2602.04315
2602.04289
2602.04220
2602.03998
2602.03973
2602.03932
2602.03473
2602.03921
2602.03907
2602.04547
2602.03238
2602.03786
2602.03747
2602.03709
2602.03677
2602.03107
2602.03647
2602.03560
2602.03619
2602.03548
2602.03510
2602.02985
2602.03442
2602.03454
2602.04541
2602.02961
2602.02958
2602.02929
2602.02932
2602.03392
2602.03419
2602.03320
2602.02790
2602.02635
2602.02785
2602.03916
2602.03295
2602.03216
2602.03183
2602.04271
2602.02514
2602.03120
2602.02539
2602.02472
2602.03143
2602.02474
2602.03075
2602.03145
2602.02453
2602.02442
2602.02444
2602.02459
2602.02905
2602.02581
2602.02619
2602.02676
2602.02827
2602.02554
2602.02636
2602.02537
2602.02486
2602.02493
2602.02495
2602.02464
2602.02254
2602.02275
2602.02214
2602.02276
2602.02185
2602.02016
2602.02005
2602.02393
2602.02383
2602.02419
2602.02361
2602.02343
2602.02350
2602.02488
2602.02092
2602.01684
2602.02402
2602.02156
2602.02196
2602.02159
2602.02140
2602.01640
2602.01658
2602.02103
2602.01617
2602.02110
2602.01590
2602.02192
2602.02039
2602.01566
2602.01511
2602.01997
2602.01965
2602.01362
2602.01212
2602.01801
2602.01849
2602.01756
2602.01851
2602.02338
2602.01753
2602.01785
2602.01630
2602.03086
2602.01053
2602.01058
2602.01044
2602.01734
2602.00773
2602.00759
2602.00747
2602.00682
2602.00493
2602.01541
2602.01538
2602.00462
2602.00380
2602.01519
2602.00440
2602.01494
2602.00359
2602.00343
2602.01469
2602.01479
2602.01405
2602.00269
2602.01382
2602.01335
2602.02160
2602.00259
2602.00164
2602.02863
2602.00103
2602.01395
2602.01064
2602.00018
2601.23174
2601.23188
2601.23161
2601.22975
2602.01031
2602.00986
2601.22666
2602.01624
2602.00919
2601.22664
2602.00398
2601.22599
2601.22585
2601.22474
2602.00268
2602.00298
2601.22433
2601.22362
2601.22334
2601.22201
2601.22196
2602.00169
2601.22158
2601.22153
2601.23228
2602.00095
2601.23184
2602.01023
2601.23134
2601.22954
2601.22904
2602.00158
2601.22859
2601.23039
2601.22813
2601.22680
2601.22837
2601.22060
2601.22628
2601.22636
2601.22588
2601.22642
2601.21998
2601.22440
2601.22032
2601.22491
2601.21872
2601.21639
2601.22154
2601.21598
2601.22146
2601.22141
2601.22156
2601.22143
2601.21526
2601.22108
2601.22083
2601.22101
2601.22076
2601.21558
2602.01576
2601.22069
2601.22082
2601.21996
2601.22054
2601.21937
2601.21343
2601.21957
2601.22046
2601.22027
2601.22157
2601.21716
2601.21334
2601.21709
2601.21590
2601.21571
2601.21579
2601.21525
2601.21468
2601.21358
2601.21420
2601.21406
2601.21363
2601.21337
2601.21419
2601.21754
2601.21296
2601.21204
2601.21282
2601.21183
2601.23143
2601.21146
2601.22345
2601.21132
2601.20929
2601.21181
2601.21165
2601.21115
2601.20836
2601.20802
2601.20552
2601.20540
2601.20299
2601.21123
2601.20218
2601.21037
2601.20614
2601.20245
2601.20524
2601.20175
2601.20834
2601.20618
2601.20115
2601.21051
2601.20975
2601.20622
2601.19895
2601.20833
2601.20499
2601.19897
2601.20430
2601.19798
2601.20732
2601.19382
2601.20465
2601.19375
2601.20354
2601.20380
2601.20829
2601.20209
2601.20160
2601.20126
2601.20083
2601.20048
2601.19153
2601.19139
2601.19949
2601.19970
2601.20103
2601.19891
2601.19149
2601.20055
2601.19134
2601.19834
2601.19132
2601.20613
2601.19065
2601.19532
2601.19711
2601.19360
2601.18692
2601.19325
2601.18428
2601.19237
2601.19194
2601.19280
2601.19143
2601.18261
2601.18334
2601.18241
2601.18218
2601.19109
2601.19001
2601.19103
2601.19066
2601.18790
2601.18778
2601.18923
2601.18759
2601.18886
2601.18199
2601.18690
2601.18731
2601.18744
2601.18631
2601.18513
2601.18140
2601.18724
2601.18491
2601.18577
2601.17958
2601.17897
2601.17799
2601.18292
2601.17782
2601.18054
2601.17950
2601.18226
2601.17676
2601.17895
2601.17690
2601.17526
2601.18207
2601.17406
2601.17270
2601.17124
2601.18217
2601.16914
2601.19362
2601.18129
2601.18081
2601.18067
2601.18116
2601.17761
2601.18005
2601.17640
2601.17645
2601.17323
2601.17617
2601.17367
2601.18753
2601.17067
2601.17237
2601.17058
2601.18130
2601.17027
2601.16901
2601.16746
2601.16515
2601.16725
2601.18157
2601.16451
2601.16208
2601.16163
2601.16443
2601.15876
2601.16175
2601.15605
2601.16148
2601.15572
2601.16125
2601.16172
2601.15621
2601.15703
2601.15625
2601.16004
2601.15394
2601.15727
2601.16093
2601.15278
2601.16206
2601.15165
2601.15849
2601.15690
2601.16032
2601.16006
2601.15808
2601.16207
2601.15552
2601.15778
2601.16296
2601.15968
2601.15549
2601.15369
2601.14569
2601.15334
2601.14566
2601.15288
2601.15262
2601.14440
2601.15224
2601.15282
2601.14422
2601.14490
2601.15220
2601.15197
2601.15059
2601.15100
2601.14253
2601.14249
2601.15015
2601.14949
2601.14914
2601.14750
2601.14127
2601.14681
2601.14528
2601.14417
2601.14251
2601.14004
2601.14256
2601.14243
2601.14171
2601.16276
2601.14163
2601.14209
2601.13655
2601.14103
2601.13599
2601.13671
2601.14101
2601.13460
2601.13356
2601.13268
2601.13288
2601.14046
2601.14027
2601.14641
2601.13232
2601.15715
2601.13029
2601.13969
2601.12967
2601.12618
2601.14152
2601.12735
2601.12648
2601.13697
2601.12611
2601.12586
2601.13761
2601.13520
2601.13600
2601.12390
2601.12270
2601.13591
2601.13481
2601.16192
2601.13295
2601.13253
2601.13251
2601.13247
2601.13262
2601.16018
2601.13097
2601.13118
2601.13044
2601.13075
2601.12910
2601.12294
2601.12346
2601.12993
2601.12937
2601.12175
2601.11835
2601.11655
2601.11595
2601.11898
2601.11566
2601.11096
2601.11743
2601.12029
2601.12132
2601.11608
2601.11969
2601.11087
2601.11868
2601.11061
2601.11888
2601.11432
2601.11387
2601.11798
2601.11711
2601.11853
2601.11258
2601.11516
2601.11522
2601.11845
2601.11747
2601.11824
2601.10936
2601.10939
2601.11404
2601.10922
2601.10657
2601.10592
2601.11425
2601.10671
2601.10693
2601.10909
2601.11540
2601.11514
2601.10611
2601.10553
2601.10660
2601.10877
2601.10402
2601.11227
2601.10506
2601.10355
2601.10338
2601.10253
2601.11141
2601.11004
2601.10193
2601.10109
2601.11464
2601.10055
2601.10781
2601.09994
2601.10825
2601.09896
2601.09923
2601.09873
2601.09708
2601.10716
2601.11044
2601.10880
2601.10547
2601.09636
2601.09668
2601.10527
2601.10477
2601.09609
2601.10387
2601.09600
2601.10332
2601.11000
2601.10156
2601.10188
2601.10131
2601.10108
2601.10201
2601.10061
2601.09527
2601.09538
2601.10129
2601.09473
2601.09258
2601.09881
2601.09150
2601.09029
2601.08829
2601.09688
2601.09697
2601.09575
2601.09667
2601.08665
2601.08620
2601.09465
2601.09512
2601.09274
2601.09255
2601.09173
2601.09195
2601.08441
2601.09259
2601.09136
2601.09142
2601.08955
2601.09001
2601.09028
2601.08321
2601.08881
2601.08831
2601.08828
2601.08811
2601.10124
2601.08605
2601.08587
2601.08584
2601.08468
2601.08521
2601.08472
2601.08303
2601.08415
2601.08430
2601.08900
2601.08079
2601.07786
2601.07629
2601.08302
2601.08077
2601.10080
2601.08225
2601.08173
2601.07892
2601.07790
2601.07779
2601.08258
2601.07832
2601.07526
2601.07853
2601.07925
2601.07877
2601.07641
2601.07421
2601.07782
2601.07767
2601.07812
2601.07389
2601.07600
2601.06993
2601.07351
2601.08237
2601.09385
2601.07349
2601.06487
2601.07181
2601.07033
2601.07022
2601.06966
2601.06329
2601.06297
2601.06307
2601.06268
2601.06803
2601.06943
2601.06873
2601.06911
2601.06794
2601.06802
2601.06154
2601.06860
2601.06202
2601.06953
2601.06789
2601.06747
2601.06707
2601.06788
2601.06106
2601.06596
2601.07287
2601.06496
2601.05918
2601.06463
2601.05935
2601.06033
2601.05943
2601.06021
2601.05899
2601.05823
2601.06411
2601.06521
2601.06431
2601.05870
2601.06944
2601.05296
2601.06165
2601.05960
2601.06002
2601.05966
2601.05930
2601.05833
2601.05848
2601.05905
2601.07169
2601.05573
2601.05732
2601.05593
2601.05699
2601.05503
2601.05637
2601.05808
2601.05747
2601.05138
2601.05432
2601.05376
2601.05425
2601.05242
2601.05249
2601.05403
2601.05239
2601.04786
2601.05175
2601.05174
2601.05172
2601.05167
2601.05214
2601.05163
2601.05149
2601.05111
2601.05137
2601.05110
2601.05124
2601.05034
2601.05106
2601.05107
2601.04890
2601.04878
2601.04823
2601.04792
2601.04765
2601.04575
2601.04582
2601.04726
2601.04767
2601.04342
2601.04090
2601.04487
2601.03986
2601.04458
2601.03955
2601.04254
2601.03832
2601.04544
2601.04250
2601.03666
2601.03754
2601.04620
2601.04300
2601.04151
2601.04175
2601.04754
2601.04426
2601.04469
2601.04577
2601.04301
2601.04233
2601.04210
2601.04698
2601.03422
2601.03425
2601.04171
2601.03423
2601.03398
2601.03928
2601.03872
2601.03723
2601.03822
2601.03211
2601.03926
2601.03714
2601.03649
2601.03699
2601.03153
2601.03115
2601.03030
2601.03559
2601.02788
2601.02785
2601.03448
2601.02780
2601.02736
2601.02728
2601.03319
2601.03315
2601.02768
2601.02764
2601.02671
2601.03256
2601.03236
2601.03233
2601.02601
2601.03252
2601.03267
2601.02580
2601.02356
2601.02554
2601.02357
2601.02306
2601.02553
2601.02298
2601.03017
2601.03047
2601.03127
2601.03044
2601.03111
2601.02989
2601.03570
2601.02996
2601.02123
2601.02023
2601.02760
2601.02022
2601.02002
2601.01915
2601.04194
2601.02702
2601.02669
2601.01720
2601.01592
2601.01528
2601.02315
2601.02359
2601.02314
2601.02346
2601.02439
2601.01514
2601.03227
2601.01075
2601.02281
2601.01244
2601.01391
2601.02256
2601.01235
2601.02158
2601.02242
2601.02151
2601.02204
2601.01066
2601.02075
2601.01874
2601.00788
2601.02427
2601.03194
2601.00869
2601.01584
2601.01836
2601.01739
2601.01480
2601.02211
2601.01321
2601.01046
2601.03509
2601.01011
2601.00848
2601.00936
2601.00705
2601.00863
2601.00796
2601.00747
2601.00581
2601.00635
2512.24880
2601.00393
2601.00664
2512.24834
2601.00501
2512.24551
2601.00417
2512.24505
2601.00423
2601.00218
2512.24618
2512.25070
2512.24330
2512.24601
2601.00204
2512.24210
2512.25073
2512.24965
2512.24724
2601.00671
2512.24615
2512.24440
2512.24617
2512.24385
2512.24498
2512.25075
2512.24314
2601.01426
2512.24873
2512.24271
2512.24297
2512.24160
2512.24138
2512.24176
2512.23675
2512.24092
2512.23966
2512.24007
2512.23988
2512.23464
2512.23343
2601.00575
2512.24165
2512.23959
2512.22984
2512.23805
2512.23709
2512.23851
2512.22905
2512.24497
2512.23705
2512.23703
2512.23647
2512.23541
2512.23576
2512.23573
2512.23652
2512.23273
2512.23380
2512.22342
2512.22323
2512.23236
2512.23162
2512.23165
2512.23117
2512.23222
2512.22125
2512.23035
2512.22737
2512.22630
2512.22877
2512.21815
2512.22047
2512.22525
2512.21859
2512.23676
2512.21625
2512.21643
2512.22322
2512.22280
2512.22382
2512.22234
2512.22206
2512.22238
2512.22215
2512.22118
2512.22120
2512.21218
2512.22096
2512.22100
2512.21919
2512.21789
2512.21720
2512.20856
2512.21734
2512.21578
2512.20848
2512.22374
2512.21472
2512.21507
2512.21338
2512.22664
2512.24097
2512.21185
2512.21010
2512.21110
2512.21008
2512.22387
2512.20092
2512.19693
2512.20578
2512.20352
2512.19823
2512.20617
2512.19682
2512.19535
2512.19526
2512.19297
2512.20615
2512.19012
2512.18966
2512.18832
2512.23707
2512.19678
2512.18597
2512.18519
2512.20605
2512.19680
2512.18314
2512.20399
2512.20144
2512.19995
2512.18181
2512.19432
2512.19673
2512.19539
2512.20618
2512.18131
2512.18133
2512.19415
2512.19399
2512.20557
2512.20182
2512.20619
2512.19949
2512.19134
2512.17827
2512.19629
2512.17557
2512.18658
2512.17648
2512.17375
2512.17562
2512.18880
2512.18470
2512.17532
2512.17495
2512.17008
2512.17277
2512.18542
2512.16969
2512.17646
2512.16922
2512.18099
2512.17909
2512.17897
2512.18184
2512.17901
2512.18003
2512.16914
2512.16913
2512.16899
2512.16864
2512.17650
2512.16767
2512.16698
2512.17459
2512.16676
2512.17419
2512.16649
2512.16615
2512.17102
2512.16561
2512.17206
2512.17220
2512.17260
2512.17504
2512.16541
2512.17012
2512.16923
2512.16924
2512.16921
2512.16287
2512.16978
2512.16391
2512.17385
2512.16099
2512.16918
2512.16250
2512.16227
2512.16909
2512.15926
2512.16041
2512.16905
2512.16776
2512.16793
2512.16848
2512.15804
2512.16912
2512.15699
2512.15693
2512.15696
2512.16670
2512.18745
2512.15528
2512.15489
2512.16625
2512.15431
2512.16636
2512.16501
2512.15081
2512.17040
2512.15110
2512.14965
2512.14870
2512.16229
2512.16106
2512.16144
2512.16301
2512.15907
2512.15745
2512.14706
2512.15713
2512.14699
2512.15776
2512.15715
2512.14697
2512.15702
2512.16760
2512.15635
2512.15649
2512.15340
2512.15182
2512.15031
2512.14982
2512.15374
2512.15176
2512.14884
2512.14719
2512.14696
2512.14698
2512.14805
2512.14692
2512.14620
2512.15716
2512.14052
2512.13950
2512.14284
2512.15560
2512.14693
2512.16483
2512.13690
2512.14391
2512.13699
2512.14666
2512.14691
2512.14681
2512.13687
2512.14442
2512.14051
2512.13884
2512.13607
2512.14503
2512.14080
2512.13604
2512.13561
2512.14273
2512.13678
2512.13503
2512.13592
2512.13525
2512.13472
2512.14550
2512.14008
2512.13874
2512.14064
2512.13280
2512.13683
2512.13080
2512.14014
2512.13674
2512.13660
2512.13689
2512.13655
2512.14531
2512.14440
2512.12913
2512.12895
2512.13706
2512.12850
2512.13672
2512.13421
2512.13427
2512.13399
2512.12812
2512.14067
2512.13368
2512.12783
2512.13303
2512.13250
2512.13168
2512.13190
2512.12488
2512.12443
2512.14614
2512.12196
2512.12140
2512.12980
2512.13043
2512.12967
2512.13006
2512.12066
2512.11995
2512.12004
2512.11926
2512.12949
2512.12941
2512.12880
2512.11891
2512.11882
2512.12799
2512.11749
2512.12777
2512.12751
2512.11438
2512.11393
2512.14202
2512.12620
2512.12730
2512.12675
2512.12576
2512.12716
2512.10938
2512.10943
2512.12345
2512.12087
2512.10894
2512.10888
2512.11798
2512.11851
2512.10794
2512.11799
2512.11558
2512.10809
2512.11883
2512.11470
2512.10675
2512.11362
2512.11437
2512.11464
2512.11253
2512.11251
2512.10955
2512.10952
2512.11130
2512.10953
2512.10927
2512.10430
2512.10941
2512.10071
2512.11150
2512.09928
2512.10945
2512.10881
2512.10959
2512.10867
2512.10863
2512.10791
2512.10858
2512.10756
2512.10715
2512.10605
2512.10655
2512.10739
2512.10685
2512.13106
2512.10534
2512.10398
2512.10359
2512.10411
2512.10169
2512.10284
2512.09924
2512.09864
2512.09851
2512.09824
2512.09756
2512.09299
2512.08868
2512.10425
2512.09663
2512.08924
2512.08970
2512.08400
2512.08980
2512.09164
2512.08448
2512.09636
2512.08560
2512.09247
2512.08296
2512.08057
2512.08186
2512.07983
2512.07846
2512.09069
2512.08870
2512.08894
2512.07833
2512.09616
2512.07831
2512.08810
2512.08765
2512.09106
2512.07802
2512.09207
2512.07713
2512.08829
2512.08478
2512.07667
2512.09363
2512.07584
2512.08923
2512.09112
2512.07424
2512.07497
2512.07311
2512.07197
2512.08294
2512.08153
2512.08358
2512.07159
2512.07004
2512.07005
2512.08406
2512.07921
2512.08309
2512.07951
2512.07000
2512.06951
2512.06905
2512.07834
2512.06835
2512.08730
2512.07778
2512.06841
2512.06533
2512.07783
2512.07805
2512.07806
2512.06531
2512.07525
2512.06373
2512.06421
2512.06254
2512.07469
2512.08006
2512.06120
2512.07328
2512.07222
2512.07168
2512.07107
2512.06963
2512.06864
2512.06749
2512.06776
2512.06589
2512.06744
2512.06558
2512.06791
2512.06609
2512.05965
2512.06781
2512.06818
2512.06490
2512.06424
2512.07461
2512.06206
2512.06065
2512.05927
2512.09270
2512.05774
2512.05564
2512.05356
2512.05113
2512.05112
2512.06032
2512.05905
2512.05145
2512.05106
2512.05294
2512.05081
2512.05016
2512.05033
2512.05073
2512.05591
2512.05343
2512.05519
2512.05277
2512.05402
2512.05111
2512.05339
2512.05446
2512.05394
2512.05409
2512.05528
2512.04810
2512.05115
2512.04829
2512.05325
2512.04784
2512.05100
2512.04678
2512.05049
2512.04519
2512.04987
2512.04447
2512.04926
2512.04508
2512.04262
2512.04367
2512.04220
2512.04265
2512.04150
2512.05137
2512.04082
2512.04009
2512.05103
2512.03940
2512.04797
2512.03793
2512.03771
2512.03749
2512.05150
2512.04694
2512.04763
2512.03736
2512.04537
2512.04555
2512.04746
2512.04563
2512.04515
2512.03540
2512.03451
2512.04504
2512.04324
2512.03383
2512.03073
2512.04142
2512.04040
2512.04032
2512.03041
2512.04025
2512.04124
2512.03040
2512.02942
2512.03979
2512.04000
2512.03794
2512.03746
2512.02834
2512.02835
2512.02689
2512.03704
2512.03915
2512.03697
2512.03621
2512.02584
2512.03667
2512.03514
2512.03643
2512.03442
2512.02556
2512.03244
2512.03046
2512.03052
2512.02502
2512.02425
2512.02488
2512.02492
2512.03043
2512.03013
2512.03036
2512.02231
2512.02924
2512.02189
2512.02901
2512.02185
2512.02807
2512.02072
2512.02790
2512.02622
2512.02589
2512.01945
2512.02580
2512.02457
2512.02472
2512.02423
2512.04753
2512.02581
2512.02395
2512.02017
2512.02014
2512.02015
2512.02010
2512.01351
2512.01988
2512.01948
2512.01949
2512.02631
2512.01989
2512.01925
2512.01830
2512.01827
2512.01801
2512.01763
2512.01822
2512.00956
2512.01686
2512.01707
2512.00891
2512.01540
2512.02351
2512.01453
2512.01443
2512.01420
2512.01248
2512.01103
2512.01342
2512.01078
2512.01030
2512.01031
2512.01803
2512.00903
2512.01222
2512.00639
2512.04069
2512.00590
2512.00511
2511.22989
2511.23469
2511.23408
2512.00601
2511.23166
2511.23199
2511.22929
2511.22982
2511.23404
2512.00425
2512.00333
2512.00387
2511.23429
2511.22688
2511.22699
2511.22598
2511.22586
2512.00473
2511.22448
2511.23127
2511.22396
2511.23386
2512.00234
2511.22973
2511.22184
2511.23475
2511.23342
2511.22891
2512.00369
2512.00136
2512.00466
2511.22815
2511.23319
2512.00332
2511.21891
2511.22805
2512.01715
2511.21930
2511.21989
2511.22677
2511.22663
2511.21692
2511.21631
2511.22570
2511.21662
2511.21448
2511.22533
2511.21395
2511.22345
2511.21691
2511.22659
2511.22281
2511.21015
2511.21087
2511.22265
2511.20963
2511.22172
2511.22826
2511.22173
2511.22146
2511.22176
2511.22134
2511.20701
2511.20785
2511.20639
2511.22047
2511.20643
2511.22055
2511.20645
2511.20635
2511.20478
2511.21689
2511.20455
2511.21541
2511.21579
2511.21750
2511.21474
2511.21678
2511.21322
2511.21208
2511.20337
2511.20347
2511.20256
2511.20233
2511.20809
2511.21016
2511.20104
2511.21025
2511.20714
2511.20102
2511.20019
2511.20647
2511.20649
2511.19861
2511.20614
2511.20626
2511.20549
2511.20494
2511.20561
2511.19661
2511.20515
2511.20462
2511.20426
2511.20415
2511.20410
2511.20250
2511.20344
2511.20211
2511.20123
2511.19990
2511.19757
2511.19900
2511.19773
2511.19663
2511.19797
2511.19575
2511.19496
2511.19504
2511.19430
2511.19401
2511.19484
2511.19418
2511.19433
2511.19365
2511.19333
2511.19166
2511.19269
2511.19111
2511.19320
2511.18922
2511.18906
2511.18890
2511.18886
2511.18870
2511.20937
2511.19304
2511.18685
2511.19314
2511.17918
2511.18452
2511.18945
2511.18394
2511.18674
2511.18643
2511.17683
2511.17986
2511.18013
2511.18640
2511.17502
2511.18373
2511.17405
2511.17220
2511.18024
2511.17889
2511.17127
2511.18619
2511.18538
2511.17074
2511.18047
2511.18397
2511.18261
2511.16719
2511.18098
2511.17592
2511.18659
2511.17462
2511.17490
2511.17943
2511.17554
2511.18005
2511.17487
2511.17516
2511.16660
2511.16618
2511.17666
2511.18050
2511.17792
2511.17450
2511.17282
2511.16528
2511.17803
2511.17199
2511.18405
2511.16428
2511.17138
2511.16317
2511.16043
2511.16931
2511.16825
2511.15948
2511.16854
2511.16734
2511.16671
2511.16668
2511.16669
2511.17006
2511.16664
2511.16595
2511.15593
2511.16659
2511.16397
2511.16175
2511.16315
2511.16249
2511.17344
2511.16166
2511.16110
2511.16334
2511.16301
2511.15244
2511.17729
2511.15906
2511.15848
2511.15076
2511.15706
2511.15700
2511.15703
2511.14850
2511.14856
2511.15661
2511.14806
2511.15605
2511.15586
2511.14255
2511.15256
2511.15299
2511.15210
2511.15186
2511.15248
2511.13940
2511.13892
2511.13782
2511.13778
2511.13841
2511.15065
2511.14865
2511.14899
2511.13771
2511.14659
2511.14760
2511.14993
2511.14567
2511.13720
2511.14460
2511.13655
2511.13699
2511.14410
2511.14366
2511.14349
2511.15352
2511.14295
2511.14248
2511.14159
2511.14086
2511.13944
2511.13998
2511.13853
2511.13954
2511.13714
2511.13732
2511.13703
2511.13648
2511.13647
2511.13276
2511.13112
2511.13646
2511.12018
2511.12609
2511.12472
2511.15552
2511.13593
2511.13524
2511.11930
2511.13026
2511.13612
2511.12905
2511.13344
2511.11940
2511.13182
2511.12982
2511.13288
2511.11653
2511.13189
2511.11621
2511.12797
2511.13254
2511.11519
2511.11793
2511.11698
2511.13223
2511.12884
2511.11265
2511.11473
2511.11002
2511.12207
2511.10647
2511.11332
2511.11287
2511.11831
2511.11168
2511.11407
2511.10628
2511.12810
2511.13081
2511.11584
2511.11113
2511.11012
2511.10017
2511.11238
2511.11005
2511.11134
2511.10819
2511.09794
2511.11434
2511.11007
2511.10899
2511.09710
2511.11373
2511.10643
2511.09515
2511.09148
2511.10629
2511.10555
2511.10507
2511.10492
2511.10443
2511.10289
2511.10047
2511.10030
2511.09715
2511.09748
2511.09780
2511.09554
2511.09158
2511.09135
2511.10547
2511.09124
2511.09030
2511.09067
2511.08923
2511.09057
2511.08824
2511.08585
2511.08522
2511.08577
2511.08217
2511.08083
2511.08319
2511.09146
2511.07924
2511.08892
2511.07865
2511.08029
2511.07685
2511.07587
2511.07566
2511.07448
2511.07205
2511.07332
2511.07384
2511.07328
2511.07663
2511.07464
2511.07517
2511.06722
2511.06428
2511.07253
2511.06777
2511.06221
2511.07280
2511.06174
2511.06805
2511.06876
2511.07413
2511.07317
2511.07403
2511.07419
2511.06559
2511.07299
2511.07327
2511.05627
2511.07025
2511.06411
2511.06281
2511.06307
2511.07137
2511.06251
2511.06449
2511.07003
2511.05369
2511.05489
2511.07416
2511.06209
2511.06194
2511.06309
2511.04898
2511.06101
2511.04869
2511.04847
2511.04681
2511.05958
2511.04707
2511.05952
2511.05936
2511.04623
2511.04432
2511.05664
2511.05705
2511.04234
2511.04307
2511.04481
2511.08195
2511.04036
2511.03792
2511.05491
2511.05184
2511.05271
2511.05170
2511.05114
2511.03782
2511.05080
2511.04824
2511.04962
2511.03457
2511.03506
2511.03334
2511.03276
2511.04668
2511.04678
2511.04655
2511.04285
2511.04570
2511.04583
2511.03001
2511.04214
2511.04662
2511.03986
2511.03996
2511.03929
2511.03844
2511.02767
2511.04217
2511.03774
2511.03718
2511.03628
2511.03601
2511.03361
2511.07250
2511.02347
2511.03317
2511.04670
2511.03146
2511.03080
2511.02832
2511.02818
2511.02178
2511.02778
2511.02779
2511.02734
2511.01918
2511.02802
2511.02490
2511.02687
2511.02712
2511.01833
2511.02374
2511.02302
2511.01618
2511.02243
2511.02280
2511.02233
2511.02219
2511.04768
2511.02014
2511.04460
2511.01937
2511.01914
2511.01775
2511.01706
2511.01718
2511.01678
2511.01617
2511.01610
2511.01295
2511.01354
2511.00405
2511.01163
2510.27684
2511.00088
2511.01266
2511.00279
2510.27688
2511.01014
2511.01047
2510.27492
2511.01144
2511.00839
2511.00810
2511.00467
2511.00956
2510.26909
2511.06090
2511.01001
2511.00837
2510.27623
2510.27607
2510.26877
2510.26887
2510.26788
2511.00710
2510.27606
2511.00602
2511.00086
2510.27656
2510.26781
2511.01294
2510.26707
2510.27363
2510.26697
2510.26396
2510.26345
2510.27545
2510.26236
2510.26213
2510.27266
2510.27051
2510.27224
2511.02309
2510.25772
2510.25741
2510.27044
2510.26865
2510.26794
2510.26800
2510.26787
2510.26802
2510.26768
2510.25616
2510.25588
2510.26474
2510.26583
2510.26658
2510.25500
2510.26298
2510.25092
2510.26140
2510.27571
2510.26007
2510.25015
2510.24992
2510.24810
2510.26160
2510.25889
2510.25779
2510.25867
2510.24796
2510.25682
2510.25758
2510.24794
2510.25602
2510.24762
2510.24693
2510.25132
2510.24940
2510.24592
2510.24932
2510.25039
2510.24821
2510.24824
2510.24801
2510.24803
2510.24514
2510.24435
2510.24795
2510.24434
2510.24405
2510.24717
2510.24259
2510.24211
2510.24788
2510.24699
2510.24701
2510.24698
2510.24695
2510.24697
2510.24718
2510.24694
2510.24668
2510.24684
2510.24702
2510.25065
2510.24645
2510.24563
2510.24591
2510.24411
2510.24505
2510.24448
2510.24320
2510.26491
2510.24081
2510.23607
2510.23925
2510.23723
2510.24035
2510.23667
2510.23621
2510.23605
2510.23393
2510.23763
2510.23642
2510.23691
2510.23479
2510.22977
2510.22733
2510.23521
2510.23451
2510.23473
2510.23272
2510.23587
2510.22768
2510.23538
2510.23581
2510.22317
2510.22706
2510.23564
2510.22304
2510.23588
2510.22200
2510.23603
2510.22037
2510.22040
2510.22907
2510.23052
2510.22590
2510.22946
2510.22876
2510.22543
2510.22795
2510.22874
2510.22603
2510.23095
2510.22282
2510.22251
2510.22236
2510.22521
2510.22201
2510.21711
2510.23595
2510.21697
2510.22101
2510.22099
2510.21581
2510.21970
2510.21933
2510.21986
2510.21978
2510.21011
2510.21817
2510.21800
2510.21714
2510.22319
2510.21618
2510.21682
2510.21583
2510.21571
2510.20771
2510.21440
2510.21447
2510.21418
2510.21323
2510.21270
2510.21034
2510.21120
2510.21003
2510.20479
2510.20976
2510.21049
2510.20941
2510.20909
2510.20822
2510.20887
2510.20860
2510.20888
2510.20820
2510.20803
2510.20780
2510.20766
2510.20733
2510.20668
2510.20579
2510.19817
2510.20470
2510.20362
2510.20193
2510.20187
2510.20206
2510.20270
2510.20286
2510.20512
2510.20155
2510.20098
2510.20150
2510.19898
2510.19871
2510.19886
2510.19944
2510.19888
2510.19808
2510.19779
2510.18941
2510.19747
2510.19363
2510.19600
2510.19592
2510.19195
2510.18946
2510.19430
2510.18880
2510.19365
2510.19127
2510.18874
2510.18866
2510.19386
2510.18840
2510.18821
2510.19336
2510.19631
2510.19278
2510.18775
2510.19016
2510.18632
2510.19307
2510.20168
2510.18587
2510.19304
2510.19006
2510.19492
2510.19338
2510.19132
2510.18876
2510.18909
2510.19316
2510.18873
2510.18917
2510.18863
2510.18234
2510.18849
2510.18214
2510.19488
2510.18206
2510.18121
2510.18277
2510.18795
2510.18112
2510.18081
2510.17928
2510.18692
2510.18672
2510.18508
2510.18554
2510.18455
2510.18489
2510.18313
2510.18573
2510.18428
2510.18245
2510.17744
2510.18701
2510.18250
2510.18135
2510.18212
2510.18091
2510.17519
2510.17950
2510.18077
2510.16997
2510.17028
2510.17853
2510.17803
2510.17800
2510.17045
2510.16893
2510.17795
2510.18034
2510.17797
2510.16844
2510.16476
2510.17790
2510.17715
2510.17722
2510.17509
2510.18279
2510.17269
2510.17439
2510.16259
2510.17147
2510.16888
2510.16917
2510.17234
2510.16116
2510.16872
2510.16091
2510.16751
2510.15926
2510.15884
2510.16499
2510.16505
2510.16604
2510.16880
2510.15870
2510.16435
2510.16720
2510.16727
2510.16380
2510.16276
2510.16251
2510.16320
2510.16136
2510.16156
2510.15862
2510.15868
2510.15857
2510.15859
2510.15831
2510.15624
2510.15821
2510.15802
2510.15742
2510.15301
2510.17896
2510.15247
2510.15749
2510.15152
2510.15510
2510.15731
2510.15264
2510.15019
2510.15001
2510.15768
2510.14969
2510.15527
2510.15600
2510.15869
2510.15042
2510.14927
2510.15162
2510.15511
2510.15227
2510.15232
2510.15280
2510.15564
2510.15110
2510.15050
2510.14975
2510.14979
2510.14978
2510.14809
2510.14974
2510.14545
2510.14967
2510.14961
2510.14958
2510.14955
2510.14264
2510.14943
2510.14252
2510.14223
2510.14913
2510.14880
2510.15021
2510.14901
2510.14847
2510.14826
2510.14807
2510.14630
2510.14763
2510.14616
2510.14605
2510.14528
2510.14406
2510.14463
2510.14359
2510.14308
2510.14300
2510.14276
2510.14438
2510.14249
2510.14351
2510.13786
2510.14949
2510.14240
2510.13747
2510.13724
2510.14162
2510.14211
2510.14077
2510.13696
2510.13678
2510.13998
2510.13996
2510.13403
2510.13940
2510.14853
2510.13906
2510.13928
2510.13802
2510.13223
2510.13282
2510.13800
2510.13759
2510.13795
2510.13744
2510.13173
2510.13714
2510.13749
2510.13778
2510.13151
2510.12995
2510.12888
2510.12872
2510.13632
2510.13626
2510.12838
2510.12789
2510.12793
2510.12798
2510.12782
2510.12777
2510.12773
2510.13554
2510.13587
2510.13515
2510.12693
2510.12679
2510.12652
2510.13454
2510.13344
2510.13586
2510.12399
2510.12345
2510.13804
2510.13251
2510.13255
2510.13217
2510.12088
2510.13161
2510.12866
2510.11941
2510.11852
2510.12801
2510.12764
2510.12784
2510.12635
2510.12586
2510.12487
2510.12403
2510.12269
2510.12117
2510.11958
2510.11797
2510.12402
2510.11713
2510.11712
2510.12323
2510.11606
2510.11715
2510.11703
2510.11892
2510.11545
2510.11718
2510.11919
2510.11650
2510.11693
2510.11560
2510.11170
2510.11851
2510.11683
2510.11696
2510.11690
2510.11391
2510.11570
2510.11498
2510.11653
2510.11359
2510.11328
2510.11525
2510.11000
2510.11341
2510.11330
2510.11701
2510.11661
2510.11370
2510.10977
2510.12709
2510.12497
2510.11138
2510.11062
2510.11052
2510.11035
2510.10390
2510.11027
2510.10274
2510.10930
2510.10921
2510.10868
2510.10681
2510.10689
2510.10726
2510.10715
2510.10670
2510.11496
2510.10637
2510.11098
2510.10666
2510.10620
2510.10524
2510.09724
2510.10494
2510.10401
2510.09608
2510.10409
2510.10395
2510.10331
2510.10062
2510.10047
2510.09913
2510.09905
2510.10023
2510.09285
2510.09879
2510.09857
2510.09733
2510.09781
2510.09189
2510.09776
2510.09212
2510.09561
2510.09592
2510.09558
2510.09577
2510.08994
2510.10518
2510.08867
2510.09541
2510.08783
2510.09535
2510.09507
2510.09474
2510.08556
2510.09263
2510.09259
2510.09116
2510.09201
2510.09033
2510.09023
2510.09030
2510.08744
2510.08759
2510.08734
2510.08666
2510.08673
2510.08697
2510.08602
2510.09462
2510.08696
2510.08565
2510.08555
2510.08559
2510.08549
2510.08872
2510.08886
2510.08189
2510.10201
2510.08409
2510.08191
2510.08431
2510.08558
2510.08047
2510.07974
2510.07896
2510.08547
2510.08026
2510.07784
2510.08276
2510.08525
2510.08457
2510.08377
2510.08308
2510.09517
2510.07745
2510.08425
2510.07638
2510.08002
2510.08008
2510.08439
2510.08003
2510.07592
2510.08271
2510.08048
2510.07380
2510.07545
2510.07962
2510.07414
2510.07944
2510.07841
2510.07309
2510.07307
2510.07743
2510.07656
2510.07067
2510.07048
2510.07043
2510.07041
2510.07723
2510.07019
2510.06996
2510.07550
2510.08483
2510.06957
2510.07429
2510.07499
2510.07624
2510.07364
2510.06902
2510.06912
2510.06917
2510.07318
2510.06872
2510.06788
2510.07313
2510.07221
2510.07238
2510.08551
2510.06697
2510.07314
2510.07151
2510.06657
2510.06603
2510.06531
2510.06557
2510.06378
2510.06504
2510.06953
2510.07037
2510.06218
2510.06825
2510.06215
2510.06209
2510.06783
2510.06694
2510.06751
2510.06915
2510.06710
2510.06182
2510.06139
2510.06673
2510.06607
2510.06590
2510.06528
2510.06052
2510.06552
2510.05934
2510.06471
2510.06475
2510.06274
2510.08532
2510.06261
2510.06217
2510.06855
2510.06308
2510.05592
2510.06208
2510.06036
2510.06071
2510.06056
2510.06062
2510.05904
2510.05742
2510.05862
2510.05702
2510.05660
2510.07959
2510.05644
2510.05598
2510.05560
2510.05491
2510.05528
2510.05490
2510.06213
2510.07581
2510.05367
2510.06239
2510.05485
2510.05152
2510.05093
2510.05096
2510.05432
2510.05318
2510.05342
2510.05094
2510.05125
2510.05156
2510.04851
2510.05040
2510.04759
2510.04694
2510.04999
2510.05025
2510.05396
2510.05081
2510.05057
2510.05251
2510.05137
2510.04979
2510.05122
2510.04964
2510.05091
2510.04996
2510.04871
2510.04852
2510.05213
2510.04910
2510.04795
2510.04349
2510.04786
2510.04849
2510.04800
2510.04136
2510.04678
2510.04637
2510.04618
2510.04617
2510.04584
2510.04573
2510.04514
2510.04533
2510.03916
2510.04434
2510.04493
2510.04506
2510.04399
2510.05092
2510.03752
2510.03663
2510.04290
2510.03659
2510.03605
2510.04226
2510.04204
2510.03506
2510.04201
2510.03495
2510.04162
2510.04212
2510.03472
2510.03451
2510.03425
2510.04142
2510.03297
2510.04081
2510.04072
2510.03978
2510.03230
2510.03200
2510.03964
2510.03032
2510.03089
2510.02994
2510.03561
2510.03018
2510.02898
2510.04673
2510.03528
2510.03486
2510.04230
2510.02745
2510.02665
2510.03470
2510.02572
2510.03270
2510.03279
2510.02544
2510.03232
2510.03257
2510.03264
2510.03222
2510.03160
2510.02294
2510.03117
2510.03204
2510.02919
2510.02880
2510.03120
2510.02590
2510.02730
2510.02571
2510.04124
2510.02567
2510.02351
2510.02387
2510.02313
2510.02350
2510.02314
2510.02297
2510.02300
2510.03755
2510.02286
2510.02272
2510.02295
2510.02259
2510.02209
2510.01591
2510.01796
2510.02073
2510.01963
2510.02180
2510.02245
2510.01909
2510.01718
2510.02263
2510.01817
2510.01582
2510.01524
2510.01397
2510.01691
2510.01812
2510.02125
2510.01444
2510.01459
2510.01623
2510.01583
2510.01581
2510.01284
2510.01179
2510.01586
2510.01427
2510.01529
2510.01645
2510.01954
2510.01132
2510.02190
2510.01260
2510.01203
2510.02250
2510.01259
2510.01698
2510.01329
2510.01241
2510.01265
2510.01255
2510.01238
2510.01171
2510.01161
2510.01174
2510.01149
2510.01152
2510.01141
2510.01123
2510.01068
2510.01051
2510.00967
2510.00732
2510.00866
2510.00977
2510.00777
2510.00615
2510.00658
2510.00446
2510.00526
2510.00537
2510.00137
2509.26633
2510.00492
2509.26625
2509.26557
2510.00494
2510.00523
2510.00350
2510.00232
2509.26495
2510.00536
2509.26490
2510.00045
2510.00103
2510.00499
2510.00304
2510.00255
2510.00184
2510.00406
2510.00507
2509.26645
2509.26488
2509.26483
2510.00510
2509.26628
2509.26476
2509.26346
2509.26030
2509.25843
2510.00177
2509.26542
2510.00490
2509.26539
2509.25631
2509.26514
2509.25519
2509.25492
2509.26506
2510.00428
2509.25454
2509.25455
2510.00438
2509.26376
2509.26328
2509.25348
2509.26231
2510.00829
2509.25916
2509.26603
2509.25944
2509.25849
2509.25911
2509.26329
2509.26056
2509.26226
2509.25810
2509.25191
2509.25760
2509.25758
2509.25173
2509.25771
2509.25716
2509.25149
2509.25666
2509.25122
2509.25106
2509.25001
2509.25077
2509.25047
2509.25541
2509.24945
2509.24897
2509.24827
2509.25339
2509.24773
2509.26388
2509.24730
2509.25301
2509.24695
2509.25189
2509.24613
2509.25176
2509.24507
2509.25185
2509.25161
2509.25127
2509.25123
2509.25175
2509.24981
2509.24439
2509.24405
2509.25084
2509.24975
2509.24726
2509.24650
2509.24244
2509.24335
2509.24592
2509.24510
2509.24663
2509.24494
2509.24473
2509.24372
2509.25182
2509.24303
2509.24088
2509.24317
2509.24007
2509.24203
2509.24006
2509.23951
2509.23882
2509.23525
2509.23676
2509.23572
2509.23661
2509.23768
2509.23501
2509.23542
2509.23761
2509.23630
2509.23368
2509.23202
2509.23258
2509.23219
2509.23012
2509.23250
2509.22944
2509.23018
2509.22951
2509.22887
2509.24107
2509.23924
2509.24304
2509.23866
2509.24014
2509.24207
2509.23909
2509.23773
2509.22799
2509.22630
2509.23500
2509.23426
2509.23050
2509.23166
2509.23379
2509.23094
2509.23045
2509.22935
2509.23102
2509.22921
2509.22824
2509.23196
2509.22820
2509.22737
2509.22650
2509.22638
2509.22647
2509.22642
2509.22651
2509.22644
2509.22193
2509.22637
2509.22186
2509.22636
2509.22622
2509.21991
2509.22613
2509.22611
2509.21789
2509.22601
2509.22496
2509.22546
2509.22472
2509.21679
2509.22685
2509.22572
2509.22283
2509.22414
2509.22359
2509.22281
2509.22220
2509.23610
2509.22075
2509.21317
2509.22072
2509.22033
2509.21875
2509.21820
2509.21271
2509.22576
2509.22979
2509.21842
2509.21081
2509.21574
2509.21559
2509.21710
2509.20906
2509.21527
2509.21500
2509.21499
2509.21302
2509.20544
2509.20427
2509.21294
2509.20414
2509.21273
2509.21224
2509.21245
2509.20360
2509.21150
2509.21114
2509.21117
2509.21138
2509.21072
2509.21106
2509.20109
2509.21042
2509.21070
2509.20878
2509.20868
2509.20787
2509.19803
2509.20571
2509.20497
2509.20624
2509.21318
2509.21278
2509.20293
2509.20354
2509.20317
2509.20205
2509.20189
2509.20186
2509.20136
2509.19937
2509.19928
2509.19902
2509.19894
2509.19760
2509.19736
2509.20712
2509.19676
2509.19768
2509.21268
2509.19300
2509.19296
2509.19284
2509.20328
2509.19580
2509.19301
2509.19244
2509.18193
2509.18716
2509.18272
2509.19249
2509.19094
2509.18420
2509.19086
2509.19002
2509.18282
2509.18119
2509.18905
2509.18101
2509.18095
2509.18154
2509.18849
2509.18056
2509.18092
2509.19087
2509.18552
2509.18521
2509.18030
2509.17998
2509.18824
2509.18631
2509.18293
2509.18843
2509.18883
2509.19228
2509.17979
2509.18644
2509.18400
2509.17744
2509.17701
2509.18343
2509.17765
2509.17523
2509.17567
2509.17418
2509.17488
2509.18084
2509.18091
2509.18090
2509.18094
2509.17336
2509.17329
2509.18053
2509.17268
2509.17177
2509.16941
2509.17995
2509.17083
2509.16772
2509.16633
2509.17671
2509.17938
2509.17786
2509.17399
2509.17404
2509.17437
2509.17627
2509.17428
2509.17349
2509.17396
2509.19185
2509.17238
2509.17158
2509.17277
2509.16779
2509.16971
2509.16117
2509.16990
2509.16944
2509.17321
2509.16293
2509.15926
2509.16548
2509.16622
2509.16506
2509.16591
2509.16596
2509.16415
2509.15845
2509.15629
2509.15746
2509.18480
2509.16447
2509.15246
2509.15207
2509.15194
2509.15233
2509.15377
2509.15185
2509.15130
2509.16400
2509.15020
2509.15013
2509.16127
2509.14931
2509.14930
2509.14760
2509.16195
2509.16197
2509.16084
2509.16107
2509.14856
2509.16198
2509.14662
2509.14622
2509.15662
2509.14555
2509.16374
2509.14284
2509.15178
2509.15212
2509.15248
2509.15061
2509.13997
2509.14016
2509.13911
2509.14981
2509.14786
2509.14627
2509.14638
2509.14635
2509.14180
2509.14128
2509.14232
2509.14142
2509.14055
2509.14033
2509.13758
2509.14745
2509.13766
2509.13311
2509.13391
2509.12876
2509.13317
2509.13399
2509.13648
2509.13755
2509.13761
2509.13747
2509.12603
2509.13835
2509.13359
2509.13642
2509.13353
2509.13232
2509.13989
2509.12341
2509.12201
2509.13196
2509.12423
2509.12517
2509.13313
2509.13312
2509.13332
2509.13309
2509.11963
2509.11648
2509.11622
2509.13324
2509.11543
2509.12455
2509.12313
2509.13450
2509.12541
2509.12815
2509.12229
2509.12989
2509.12474
2509.12490
2509.13255
2509.12152
2509.12203
2509.12098
2509.11986
2509.12140
2509.10993
2509.11127
2509.11552
2509.11498
2509.11526
2509.10830
2509.10957
2509.10782
2509.11492
2509.11023
2509.10764
2509.12521
2509.12482
2509.10729
2509.10707
2509.10500
2509.10655
2509.10596
2509.11481
2509.10678
2509.10371
2509.11452
2509.10029
2509.09926
2509.09950
2509.09852
2509.10884
2509.09729
2509.10950
2509.10844
2509.10971
2509.09676
2509.11362
2509.09677
2509.10708
2509.09690
2509.10687
2509.10706
2509.10441
2509.09666
2509.09645
2509.10402
2509.11465
2509.09614
2509.09464
2509.09372
2509.09995
2509.10058
2509.09285
2509.09990
2509.10397
2509.09737
2509.10147
2509.09716
2509.09713
2509.08747
2509.08826
2509.09675
2509.08519
2509.09674
2509.09680
2509.09595
2509.08270
2509.09524
2509.09594
2509.09254
2509.09265
2509.09332
2509.09055
2509.08890
2509.08778
2509.08721
2509.08643
2509.08407
2509.08494
2509.08146
2509.08088
2509.07558
2509.08025
2509.07968
2509.07969
2509.06945
2509.07996
2509.06917
2509.07979
2509.07594
2509.07929
2509.06809
2509.06951
2509.07414
2509.07430
2509.06938
2509.06631
2509.06966
2509.07506
2509.06888
2509.07253
2509.06501
2509.06830
2509.06477
2509.06818
2509.07604
2509.06806
2509.06784
2509.06771
2509.05397
2509.06652
2509.06467
2509.06401
2509.07295
2509.06493
2509.06786
2509.06503
2509.06283
2509.06079
2509.05208
2509.06160
2509.06266
2509.05486
2509.05460
2509.05407
2509.05414
2509.06216
2509.04744
2509.04442
2509.05296
2509.08031
2509.05292
2509.05263
2509.05209
2509.05276
2509.07225
2509.04773
2509.04013
2509.04696
2509.04705
2509.04996
2509.04664
2509.04582
2509.04545
2509.04499
2509.04504
2509.04441
2509.04434
2509.04406
2509.03969
2509.04419
2509.03804
2509.04338
2509.04575
2509.03680
2509.04292
2509.03646
2509.04394
2509.04185
2509.04015
2509.04011
2509.03888
2509.03867
2509.03800
2509.03816
2509.03764
2509.03615
2509.05668
2509.03822
2509.03516
2509.03079
2509.03344
2509.02279
2509.02666
2509.02464
2509.02547
2509.01983
2509.02615
2509.02530
2509.02460
2509.02544
2509.03405
2509.01984
2509.01790
2509.02133
2509.01610
2509.02523
2509.01694
2509.01993
2509.01616
2509.01563
2509.01624
2509.02479
2509.03059
2509.01250
2509.01055
2509.03403
2509.02046
2509.00731
2509.00676
2509.02437
2509.02825
2509.02379
2509.01977
2509.02333
2509.02040
2509.02534
2509.01644
2509.02722
2509.02563
2509.01964
2509.00531
2509.00509
2509.00372
2509.00132
2509.01584
2509.00221
2509.00078
2509.01393
2509.01360
2509.01396
2508.21640
2508.21496
2508.21460
2509.01028
2509.00930
2508.21290
2509.00605
2508.21267
2508.21208
2509.00581
2509.00428
2509.00520
2509.01440
2509.00578
2509.00328
2509.00425
2508.21060
2508.21046
2509.00244
2509.01322
2508.21767
2509.00093
2508.21032
2508.20999
2508.20941
2508.20798
2508.20914
2508.21376
2508.21334
2508.20751
2508.21184
2508.21365
2508.20691
2508.20474
2508.21112
2508.21104
2508.21113
2508.20560
2508.21085
2508.21084
2508.20263
2508.20396
2508.20250
2508.20228
2508.20136
2508.21066
2508.21058
2508.21052
2508.20072
2508.21038
2508.20931
2508.19932
2508.19774
2508.19527
2508.20766
2508.20722
2508.20470
2508.20755
2508.20478
2508.20096
2508.20085
2508.19982
2508.20088
2508.20033
2508.21188
2508.19502
2508.19652
2508.20374
2508.21712
2508.19060
2508.19242
2508.19600
2508.19493
2508.19813
2508.18733
2508.19205
2508.18966
2508.18389
2508.18579
2508.18271
2508.19320
2508.19269
2508.18823
2508.19228
2508.19026
2508.19008
2508.19247
2508.19188
2508.19209
2508.17973
2508.19192
2508.17924
2508.18756
2508.18672
2508.18850
2508.17821
2508.18701
2508.18633
2508.19202
2508.18265
2508.18370
2508.18206
2508.17298
2508.18118
2508.18190
2508.17857
2508.17811
2508.17803
2508.17677
2508.17472
2508.17502
2508.16930
2508.17494
2508.17450
2508.17445
2508.17621
2508.17378
2508.17380
2508.17326
2508.16775
2508.17234
2508.16607
2508.16546
2508.17437
2508.16449
2508.17188
2508.17061
2508.17008
2508.16095
2508.16908
2508.16949
2508.18192
2508.16700
2508.15832
2508.16695
2508.16697
2508.16745
2508.15987
2508.15825
2508.15774
2508.15767
2508.16401
2508.16359
2508.16402
2508.16639
2508.16153
2508.16072
2508.16067
2508.15635
2508.15281
2508.15144
2508.15593
2508.15420
2508.15089
2508.14971
2508.16279
2508.15868
2508.14896
2508.14909
2508.14771
2508.15881
2508.14511
2508.14493
2508.15804
2508.14420
2508.14444
2508.14485
2508.15772
2508.15761
2508.14278
2508.14395
2508.15752
2508.15763
2508.14260
2508.15769
2508.14176
2508.18076
2508.15260
2508.15213
2508.14811
2508.14879
2508.14880
2508.15882
2508.14273
2508.14197
2508.14704
2508.15126
2508.14111
2508.13421
2508.14067
2508.13337
2508.14460
2508.14013
2508.13998
2508.13918
2508.14037
2508.15418
2508.13745
2508.13797
2508.12903
2508.13013
2508.13804
2508.12845
2508.13968
2508.13491
2508.14041
2508.13650
2508.13682
2508.13320
2508.13992
2508.13154
2508.13009
2508.13104
2508.13139
2508.12880
2508.13680
2508.12622
2508.11630
2508.12615
2508.12585
2508.11548
2508.11383
2508.11318
2508.12535
2508.11252
2508.12301
2508.12140
2508.11632
2508.12730
2508.11884
2508.11737
2508.13186
2508.11739
2508.11747
2508.10925
2508.11616
2508.11598
2508.10893
2508.10875
2508.11494
2508.11379
2508.11386
2508.10576
2508.13618
2508.12461
2508.12782
2508.11116
2508.10395
2508.10898
2508.10916
2508.11886
2508.10948
2508.10881
2508.10711
2508.10751
2508.10478
2508.10433
2508.10390
2508.10874
2508.10157
2508.10419
2508.13948
2508.10057
2508.09998
2508.09993
2508.10089
2508.12040
2508.10104
2508.09131
2508.09123
2508.09937
2508.09987
2508.09968
2508.09736
2508.08940
2508.09889
2508.09337
2508.09776
2508.08777
2508.09422
2508.09932
2508.09752
2508.09456
2508.09834
2508.09426
2508.09138
2508.09192
2508.08430
2508.08326
2508.09101
2508.09062
2508.08266
2508.09125
2508.08121
2508.09036
2508.08189
2508.09848
2508.08098
2508.08051
2508.07999
2508.08004
2508.08938
2508.08896
2508.07964
2508.08846
2508.08665
2508.07901
2508.07574
2508.07647
2508.08292
2508.07454
2508.08240
2508.07260
2508.08221
2508.07111
2508.07237
2508.07184
2508.08088
2508.08134
2508.07050
2508.07101
2508.06947
2508.06978
2508.07976
2508.08855
2508.07917
2508.08113
2508.06649
2508.06674
2508.07905
2508.06494
2508.07662
2508.07766
2508.06433
2508.06600
2508.07750
2508.07493
2508.07321
2508.06026
2508.07785
2508.08791
2508.05954
2508.06763
2508.05796
2508.05772
2508.06601
2508.05629
2508.06485
2508.06429
2508.06426
2508.05615
2508.06339
2508.06146
2508.05496
2508.06065
2508.05909
2508.06103
2508.06059
2508.05257
2508.05731
2508.07629
2508.05630
2508.05668
2508.04979
2508.05618
2508.05545
2508.05547
2508.05287
2508.05352
2508.05364
2508.05128
2508.05305
2508.04946
2508.05028
2508.05004
2508.04664
2508.04586
2508.04825
2508.04195
2508.04107
2508.04651
2508.04442
2508.04482
2508.04324
2508.04063
2508.04053
2508.05700
2508.04814
2508.04700
2508.04665
2508.03990
2508.03983
2508.04190
2508.04206
2508.03716
2508.03789
2508.04390
2508.04650
2508.04295
2508.04138
2508.04440
2508.04146
2508.04448
2508.04676
2508.03680
2508.04118
2508.04086
2508.04038
2508.03905
2508.03793
2508.03694
2508.03686
2508.04423
2508.03644
2508.03346
2508.03616
2508.03560
2508.03404
2508.03513
2508.03448
2508.02801
2508.03501
2508.02630
2508.02792
2508.02694
2508.03164
2508.04026
2508.02215
2508.02268
2508.02271
2508.02124
2508.02173
2508.02831
2508.02088
2508.01959
2508.01894
2508.02520
2508.03050
2508.03320
2508.02951
2508.03012
2508.02605
2508.02807
2508.02558
2508.03178
2508.01880
2508.02455
2508.02402
2508.02609
2508.01604
2508.01548
2508.01464
2508.02193
2508.01235
2508.01287
2508.02150
2508.03923
2508.02095
2508.02091
2508.02120
2508.02038
2508.01858
2508.01650
2508.01778
2508.01691
2508.01522
2508.01773
2508.01242
2508.01415
2508.02317
2508.00838
2508.01197
2508.00782
2508.00548
2508.01191
2508.01048
2508.01116
2508.03365
2508.01096
2508.00240
2508.00599
2508.00414
2508.00073
2508.00751
2508.00211
2508.00419
2508.00428
2508.01126
2508.00741
2507.23698
2508.00823
2508.00109
2507.23436
2508.00819
2507.23432
2507.23632
2508.00222
2508.01109
2508.00557
2507.23478
2508.00367
2508.00454
2507.23782
2508.00024
2508.00477
2508.01151
2508.00067
2507.23779
2507.23268
2507.23701
2507.23682
2508.00062
2508.00890
2507.23404
2508.00265
2507.22864
2507.23181
2507.23015
2507.23134
2507.23483
2507.22234
2507.23079
2507.23488
2507.23159
2507.22958
2507.22607
2507.22058
2507.22224
2507.23277
2507.22968
2507.23785
2507.22565
2507.23336
2507.22062
2507.22448
2507.23361
2507.22047
2507.22080
2507.22347
2507.21990
2507.22025
2507.21584
2507.21848
2507.21033
2507.21837
2507.20534
2507.20976
2507.21493
2507.20880
2507.20152
2507.21045
2507.20939
2507.20984
2507.21049
2507.21809
2507.21298
2507.20999
2507.21503
2507.21802
2507.20673
2507.21327
2507.21035
2507.21105
2507.21364
2507.20900
2507.19427
2507.20254
2507.18758
2507.20199
2507.18755
2507.20122
2507.20025
2507.21115
2507.19969
2507.19849
2507.19766
2507.18464
2507.18537
2507.19804
2507.19492
2507.21046
2507.18742
2507.18634
2507.18553
2507.18753
2507.18572
2507.18013
2507.18546
2507.18551
2507.18446
2507.17512
2507.17189
2507.17175
2507.17123
2507.18104
2507.17119
2507.18084
2507.16860
2507.18014
2507.16815
2507.17852
2507.16812
2507.16793
2507.17699
2507.17353
2507.17596
2507.16781
2507.17520
2507.17202
2507.17214
2507.16572
2507.16632
2507.16331
2507.16229
2507.16245
2507.16135
2507.16813
2507.18071
2507.16806
2507.16802
2507.16795
2507.16725
2507.16782
2507.18405
2507.16535
2507.16075
2507.16045
2507.15974
2507.16117
2507.16011
2507.15863
2507.15856
2507.15595
2507.15849
2507.15882
2507.15975
2507.15263
2507.15597
2507.15640
2507.15550
2507.15629
2507.15846
2507.15807
2507.14681
2507.14683
2507.15776
2507.15844
2507.15852
2507.15493
2507.15375
2507.15028
2507.15778
2507.14920
2507.14902
2507.15763
2507.14988
2507.15024
2507.14278
2507.14241
2507.14195
2507.16003
2507.14818
2507.14129
2507.14843
2507.16534
2507.14769
2507.13985
2507.13670
2507.13609
2507.14707
2507.14570
2507.14372
2507.15758
2507.13347
2507.14137
2507.14119
2507.13264
2507.14111
2507.13541
2507.13575
2507.13169
2507.13984
2507.13428
2507.13136
2507.13563
2507.12566
2507.13344
2507.12549
2507.13348
2507.13300
2507.13334
2507.13255
2507.11830
2507.11542
2507.12806
2507.12721
2507.11539
2507.12956
2507.12841
2507.12638
2507.12508
2507.12674
2507.11336
2507.12462
2507.12142
2507.12463
2507.11764
2507.13409
2507.11630
2507.11730
2507.11407
2507.11527
2507.12466
2507.11137
2507.11412
2507.11061
2507.10015
2507.13332
2507.10629
2507.11097
2507.10789
2507.10747
2507.10532
2507.10200
2507.10576
2507.09772
2507.10473
2507.09955
2507.10935
2507.09797
2507.10524
2507.10150
2507.09461
2507.10571
2507.09428
2507.10618
2507.09404
2507.09435
2507.09929
2507.10605
2507.09003
2507.09582
2507.08953
2507.10510
2507.08621
2507.08776
2507.08619
2507.09862
2507.10135
2507.08772
2507.08586
2507.08473
2507.10860
2507.09662
2507.08191
2507.08267
2507.10541
2507.08080
2507.08244
2507.09411
2507.09082
2507.07999
2507.09025
2507.09075
2507.07990
2507.07957
2507.09226
2507.09875
2507.07955
2507.09104
2507.08801
2507.08799
2507.07155
2507.07210
2507.08771
2507.07341
2507.07380
2507.07173
2507.08616
2507.08924
2507.08422
2507.08333
2507.08441
2507.06952
2507.07120
2507.06646
2507.08128
2507.06639
2507.07982
2507.07996
2507.06571
2507.06561
2507.07867
2507.07574
2507.07439
2507.07202
2507.06484
2507.06415
2507.07186
2507.07451
2507.06293
2507.06261
2507.06512
2507.07129
2507.07017
2507.07095
2507.06204
2507.07015
2507.07102
2507.06607
2507.06059
2507.05965
2507.06485
2507.06448
2507.06457
2507.06378
2507.06260
2507.09466
2507.06223
2507.06256
2507.06219
2507.06203
2507.06165
2507.05964
2507.06137
2507.05963
2507.05980
2507.05920
2507.05724
2507.05687
2507.05675
2507.05578
2507.05495
2507.05455
2507.06157
2507.05257
2507.05517
2507.05513
2507.05212
2507.05259
2507.05241
2507.05169
2507.04786
2507.05065
2507.05301
2507.04618
2507.04610
2507.04984
2507.04701
2507.04562
2507.04476
2507.04285
2507.05255
2507.05108
2507.04590
2507.04697
2507.05197
2507.04569
2507.03724
2507.05201
2507.04517
2507.05397
2507.04952
2507.05101
2507.04642
2507.05300
2507.04447
2507.04376
2507.04545
2507.04329
2507.04227
2507.04147
2507.04036
2507.04009
2507.04103
2507.03963
2507.03745
2507.03698
2507.03607
2507.03683
2507.03578
2507.03483
2507.03336
2507.03114
2507.04699
2507.03112
2507.02964
2507.02994
2507.02857
2507.02087
2507.02083
2507.02813
2507.01953
2507.02778
2507.02726
2507.02659
2507.02694
2507.02754
2507.02664
2507.01807
2507.02618
2507.02145
2507.02608
2507.01620
2507.01603
2507.02092
2507.01153
2507.01284
2507.01970
2507.02029
2507.01151
2507.01031
2507.01129
2507.01957
2507.01951
2507.00969
2507.00951
2507.00657
2507.00634
2507.01926
2507.00583
2507.01853
2507.00921
2507.01006
2507.01925
2507.01663
2507.01702
2507.01738
2507.01634
2507.01544
2507.01352
2507.00994
2507.00606
2507.00418
2507.02911
2507.00355
2507.00306
2506.23855
2506.24057
2507.00432
2507.00472
2507.00192
2506.23357
2507.00299
2506.23388
2506.23869
2506.23542
2506.23918
2507.00316
2507.00162
2506.23858
2506.23329
2507.00014
2506.23115
2506.24113
2506.23135
2506.23563
2506.23552
2506.23255
2506.22868
2506.23219
2506.22753
2506.22760
2506.24119
2506.22432
2506.24106
2506.23151
2506.23121
2506.24019
2506.22367
2506.24044
2506.23090
2507.00191
2506.23060
2506.22960
2506.22973
2506.21780
2506.22813
2506.22776
2506.21594
2506.22694
2506.22598
2506.22149
2506.22434
2506.21884
2506.21510
2506.22049
2506.21875
2506.21852
2506.21448
2506.21356
2506.21718
2506.21263
2506.21103
2506.21628
2506.21551
2506.21552
2506.23139
2506.21539
2506.21545
2506.21101
2506.21547
2506.21520
2506.20923
2506.24068
2506.20920
2506.20452
2506.21476
2506.21862
2506.21416
2506.21272
2506.21277
2506.21355
2506.21117
2506.19850
2506.20703
2506.20670
2506.20587
2506.20752
2506.20495
2506.20639
2506.20279
2506.20024
2506.19851
2506.19852
2506.19847
2506.20544
2506.19028
2506.19848
2506.18977
2506.18945
2506.19662
2506.19838
2506.18898
2506.18903
2506.18900
2506.18904
2506.19041
2506.19592
2506.19143
2506.18901
2506.19307
2506.19235
2506.18735
2506.20707
2506.19290
2506.18781
2506.18951
2506.19676
2506.19794
2506.19807
2506.18899
2506.18896
2506.18680
2506.18599
2506.18552
2506.18879
2506.18851
2506.18871
2506.18882
2506.18543
2506.18843
2506.18501
2506.18167
2506.17939
2506.18095
2506.18810
2506.18110
2506.19830
2506.17612
2506.18701
2506.17525
2506.17538
2506.17517
2506.17494
2506.18729
2506.18839
2506.17315
2506.17221
2506.17218
2506.17376
2506.18631
2506.18787
2506.17113
2506.17206
2506.18254
2506.18330
2506.18403
2506.18527
2506.18463
2506.18315
2506.16975
2506.16950
2506.17818
2506.17673
2506.17671
2506.17533
2506.16698
2506.18349
2506.16500
2506.17417
2506.16411
2506.16406
2506.16388
2506.17202
2506.17201
2506.17104
2506.17323
2506.16065
2506.17074
2506.17001
2506.15993
2506.16962
2506.16035
2506.18309
2506.16750
2506.18890
2506.16473
2506.16655
2506.16791
2506.15569
2506.15525
2506.15545
2506.16123
2506.16349
2506.15882
2506.15864
2506.15925
2506.15710
2506.15681
2506.15675
2506.15741
2506.15682
2506.19502
2506.15564
2506.15645
2506.15442
2506.15461
2506.15262
2506.14770
2506.14702
2506.14435
2506.15051
2506.15068
2506.14315
2506.14837
2506.18088
2506.14842
2506.14755
2506.14513
2506.14496
2506.14737
2506.14629
2506.14821
2506.14866
2506.14761
2506.15154
2506.14429
2506.13905
2506.13922
2506.14245
2506.14202
2506.14205
2506.13585
2506.14907
2506.13477
2506.14028
2506.14603
2506.13430
2506.13414
2506.14731
2506.13186
2506.13841
2506.13088
2506.13654
2506.13750
2506.13596
2506.13784
2506.13720
2506.13599
2506.13502
2506.13459
2506.13538
2506.13284
2506.13277
2506.13100
2506.13001
2506.14718
2506.12278
2506.13996
2506.12880
2506.12700
2506.11930
2506.12015
2506.12571
2506.12433
2506.12594
2506.12285
2506.12115
2506.12189
2506.12154
2506.12098
2506.12148
2506.11991
2506.11924
2506.11997
2506.11709
2506.11274
2506.11305
2506.11891
2506.10630
2506.11331
2506.10741
2506.11130
2506.10974
2506.11110
2506.10978
2506.10674
2506.11115
2506.10911
2506.10920
2506.10600
2506.11102
2506.10960
2506.10910
2506.10730
2506.10100
2506.10569
2506.10890
2506.10857
2506.11116
2506.10540
2506.10716
2506.10401
2506.10521
2506.10357
2506.10387
2506.09985
2506.09993
2506.10316
2506.10274
2506.09967
2506.09942
2506.09843
2506.09822
2506.09827
2506.10142
2506.10128
2506.09554
2506.09501
2506.09395
2506.10055
2506.09984
2506.10036
2506.09344
2506.09980
2506.09995
2506.09968
2506.09958
2506.09937
2506.09952
2506.09130
2506.09038
2506.09037
2506.08967
2506.08889
2506.09790
2506.09677
2506.09669
2506.09482
2506.09278
2506.09513
2506.09250
2506.09167
2506.09061
2506.09040
2506.09113
2506.08477
2506.09003
2506.08413
2506.08915
2506.08887
2506.09033
2506.08072
2506.08117
2506.08862
2506.08768
2506.08751
2506.08592
2506.08672
2506.08570
2506.08588
2506.08500
2506.08343
2506.08373
2506.08074
2506.08900
2506.08065
2506.10597
2506.08010
2506.08009
2506.07971
2506.07931
2506.08012
2506.07803
2506.08234
2506.07900
2506.07751
2506.08001
2506.07712
2506.07464
2506.07977
2506.07848
2506.07416
2506.07823
2506.07944
2506.07833
2506.07795
2506.07311
2506.08007
2506.07129
2506.08006
2506.07073
2506.06970
2506.08002
2506.06955
2506.08008
2506.06756
2506.07553
2506.07434
2506.06694
2506.07906
2506.06725
2506.07527
2506.07961
2506.07463
2506.07520
2506.07530
2506.07298
2506.07309
2506.07322
2506.07177
2506.06445
2506.06485
2506.06301
2506.06395
2506.06248
2506.06239
2506.06152
2506.06249
2506.07045
2506.06117
2506.06952
2506.06962
2506.06006
2506.05987
2506.05826
2506.05928
2506.06658
2506.05761
2506.06607
2506.05781
2506.05744
2506.06366
2506.06199
2506.06279
2506.05868
2506.06632
2506.05604
2506.05687
2506.05628
2506.06205
2506.06020
2506.06561
2506.07044
2506.05526
2506.05551
2506.07927
2506.05508
2506.05984
2506.05817
2506.05446
2506.05426
2506.06941
2506.05904
2506.05982
2506.05573
2506.05673
2506.05700
2506.05689
2506.05599
2506.05629
2506.05598
2506.05412
2506.05340
2506.05284
2506.05273
2506.05240
2506.05200
2506.05342
2506.04998
2506.05334
2506.05343
2506.05331
2506.05229
2506.05349
2506.05328
2506.05327
2506.05313
2506.05209
2506.05301
2506.05344
2506.05348
2506.05333
2506.05278
2506.05167
2506.05176
2506.05062
2506.05055
2506.05010
2506.04746
2506.04956
2506.04807
2506.04225
2506.04214
2506.04923
2506.04158
2506.04178
2506.04133
2506.05282
2506.04734
2506.04723
2506.04633
2506.04034
2506.04559
2506.04404
2506.04462
2506.04210
2506.04255
2506.04207
2506.04209
2506.04190
2506.04308
2506.05285
2506.04651
2506.04136
2506.03828
2506.03817
2506.04120
2506.04108
2506.03643
2506.04089
2506.04020
2506.03956
2506.03930
2506.03822
2506.03682
2506.03837
2506.03143
2506.03699
2506.03139
2506.03569
2506.03614
2506.03135
2506.03538
2506.03318
2506.03245
2506.03065
2506.03194
2506.03150
2506.02865
2506.03147
2506.02863
2506.02751
2506.03939
2506.03144
2506.03136
2506.03126
2506.02510
2506.03123
2506.03107
2506.03013
2506.03079
2506.03099
2506.03610
2506.03097
2506.03131
2506.02945
2506.03106
2506.02713
2506.02678
2506.02587
2506.02620
2506.02523
2506.02497
2506.02515
2506.03517
2506.02397
2506.02295
2506.02338
2506.02327
2506.02387
2506.02267
2506.03101
2506.02444
2506.02244
2506.01920
2506.01716
2506.03096
2506.01943
2506.02019
2506.02153
2506.01939
2506.01969
2506.01872
2506.01320
2506.01844
2506.01853
2506.01855
2506.01801
2506.02219
2506.02138
2506.01674
2506.01049
2506.01667
2506.01565
2506.01666
2506.01004
2506.00857
2506.00789
2506.01344
2506.01377
2506.01275
2506.01814
2506.01413
2506.00643
2506.00577
2506.01111
2506.01144
2506.01241
2506.01274
2506.01265
2506.01074
2506.01084
2506.00413
2506.01011
2506.01015
2506.00910
2506.00258
2506.00723
2506.00914
2506.00649
2506.00660
2506.00539
2506.00058
2506.00391
2506.00338
2506.00400
2505.24864
2506.00830
2506.00979
2505.24726
2506.00166
2506.00073
2506.00070
2505.24878
2505.24875
2505.24867
2505.24869
2505.24863
2506.00123
2505.24846
2505.24850
2505.24835
2505.24858
2505.24782
2505.24785
2505.24714
2505.24676
2505.24672
2505.24625
2505.24593
2505.24521
2505.24511
2506.02096
2505.24523
2505.24298
2505.24417
2506.00606
2505.24517
2505.24452
2505.24500
2505.24189
2505.24120
2505.23907
2505.24004
2505.23845
2505.24183
2505.24222
2505.23807
2505.23971
2505.23716
2505.24025
2505.23693
2505.23996
2505.24196
2505.23760
2505.23758
2505.23621
2505.24182
2505.23856
2505.24119
2505.23759
2505.23606
2505.23844
2505.23751
2505.23742
2505.23504
2505.23419
2505.23727
2505.23743
2505.23337
2505.23115
2505.23660
2505.23656
2505.23059
2505.23627
2505.22938
2505.22933
2505.23590
2505.23585
2505.22880
2505.23558
2505.23380
2505.23520
2505.22717
2505.23473
2505.23359
2505.22704
2505.22710
2505.23433
2505.23091
2505.22648
2505.22961
2505.22597
2505.22547
2505.22567
2505.22918
2505.22469
2505.23646
2505.22914
2505.22888
2505.22944
2505.22421
2505.22418
2505.22254
2505.24088
2505.22203
2505.22019
2505.23387
2505.23735
2505.22642
2505.22653
2505.21811
2505.22664
2505.22617
2505.22954
2505.22525
2505.21790
2505.21809
2505.21784
2505.22523
2505.21758
2505.22457
2505.22338
2505.21649
2505.21509
2505.22255
2505.22232
2505.21496
2505.22202
2505.21925
2505.21488
2505.21481
2505.22129
2505.22651
2505.22618
2505.21876
2505.21887
2505.23926
2505.21582
2505.21500
2505.21505
2505.21497
2505.21523
2505.21491
2505.21494
2505.21541
2505.23009
2505.22453
2505.21600
2505.21457
2505.23747
2505.21010
2505.21473
2505.21070
2505.21411
2505.21327
2505.21189
2505.20650
2505.21334
2505.21178
2505.21437
2505.20755
2505.21471
2505.20977
2505.21097
2505.21172
2505.20745
2505.20793
2505.20692
2505.21190
2505.21191
2505.21297
2505.20322
2505.20298
2505.21374
2505.20779
2505.20473
2505.20561
2505.20259
2505.20444
2505.20432
2505.20279
2505.20292
2505.20426
2505.20152
2505.20364
2505.20355
2505.19955
2505.20411
2505.20323
2505.20315
2505.19788
2505.21060
2505.19650
2505.20287
2505.20289
2505.20285
2505.19640
2505.19590
2505.20278
2505.20225
2505.20275
2505.20282
2505.20171
2505.20139
2505.20046
2505.19949
2505.19907
2505.19896
2505.19641
2505.19621
2505.19570
2505.19602
2505.19056
2505.19443
2505.19394
2505.19386
2505.19297
2505.19439
2505.19250
2505.19877
2505.18943
2505.18875
2505.19187
2505.19126
2505.19147
2505.19099
2505.19206
2505.19094
2505.19075
2505.19084
2505.19051
2505.20156
2505.18962
2505.18953
2505.18926
2505.18928
2505.19752
2505.18842
2505.18822
2505.18882
2505.19897
2505.19731
2505.18384
2505.18759
2505.18746
2505.18383
2505.18773
2505.18134
2505.18079
2505.18366
2505.18654
2505.18445
2505.18675
2505.18129
2505.18087
2505.18454
2505.18230
2505.18086
2505.18600
2505.17741
2505.18328
2505.17955
2505.18536
2505.18545
2505.17925
2505.17916
2505.17540
2505.18700
2505.17873
2505.17813
2505.17818
2505.17941
2505.17747
2505.17663
2505.17612
2505.17652
2505.18601
2505.17447
2505.17561
2505.17618
2505.17552
2505.17613
2505.17417
2505.17412
2505.17101
2505.17507
2505.17373
2505.17359
2505.17018
2505.17063
2505.16990
2505.18286
2505.17330
2505.16933
2505.17295
2505.17239
2505.17266
2505.17153
2505.17109
2505.17134
2505.17095
2505.17012
2505.17015
2505.16994
2505.16972
2505.16968
2505.16938
2505.16501
2505.16612
2505.16839
2505.17022
2505.17016
2505.16483
2505.16901
2505.16770
2505.16479
2505.16421
2505.15963
2505.16400
2505.16186
2505.15960
2505.16270
2505.15893
2505.15879
2505.16916
2505.15929
2505.16134
2505.15966
2505.16022
2505.15790
2505.16192
2505.15781
2505.16170
2505.16409
2505.16088
2505.16105
2505.15612
2505.16175
2505.15848
2505.15406
2505.15804
2505.15277
2505.15269
2505.15791
2505.16211
2505.15779
2505.15146
2505.15778
2505.15776
2505.15182
2505.15692
2505.15634
2505.15508
2505.14810
2505.15045
2505.14782
2505.15394
2505.15389
2505.15400
2505.15404
2505.14683
2505.14682
2505.14681
2505.14669
2505.14643
2505.15263
2505.15350
2505.15917
2505.15141
2505.14555
2505.14887
2505.15134
2505.15047
2505.14827
2505.14990
2505.14818
2505.14918
2505.15034
2505.14988
2505.14766
2505.14684
2505.14435
2505.14680
2505.14677
2505.14648
2505.14652
2505.14673
2505.14202
2505.14633
2505.14146
2505.14631
2505.14625
2505.13995
2505.14640
2505.16348
2505.14513
2505.14464
2505.14534
2505.13934
2505.14489
2505.13907
2505.14460
2505.14352
2505.14414
2505.14321
2505.14336
2505.14462
2505.14366
2505.14231
2505.14246
2505.14064
2505.14135
2505.14101
2505.13988
2505.13909
2505.13898
2505.14752
2505.13792
2505.13778
2505.13697
2505.13577
2505.13430
2505.13397
2505.13350
2505.13388
2505.14357
2505.13603
2505.13379
2505.15210
2505.13673
2505.13287
2505.13529
2505.13383
2505.13866
2505.13840
2505.13404
2505.13718
2505.13136
2505.13010
2505.12992
2505.13444
2505.13389
2505.13381
2505.13344
2505.13237
2505.13438
2505.13308
2505.13508
2505.13157
2505.13103
2505.13180
2505.13215
2505.12996
2505.13181
2505.12306
2505.12969
2505.12973
2505.13437
2505.12981
2505.12154
2505.12872
2505.12891
2505.12832
2505.12805
2505.12667
2505.12781
2505.11988
2505.12663
2505.11821
2505.12650
2505.12448
2505.12366
2505.12346
2505.13063
2505.11733
2505.12284
2505.12625
2505.11709
2505.12120
2505.12082
2505.12234
2505.12182
2505.11594
2505.12058
2505.12287
2505.12081
2505.11497
2505.12050
2505.11574
2505.11965
2505.11855
2505.11849
2505.11896
2505.11409
2505.11881
2505.11140
2505.11730
2505.11776
2505.11718
2505.11711
2505.11049
2505.11672
2505.11493
2505.11547
2505.11480
2505.11365
2505.10852
2505.11475
2505.11462
2505.11227
2505.11254
2505.11334
2505.11277
2505.11196
2505.11107
2505.11191
2505.11062
2505.11080
2505.10867
2505.10887
2505.10831
2505.10610
2505.10320
2505.10590
2505.09990
2505.12057
2505.10566
2505.10518
2505.09924
2505.10588
2505.10569
2505.11484
2505.09694
2505.09608
2505.09601
2505.10496
2505.10420
2505.09568
2505.10167
2505.10338
2505.09932
2505.09970
2505.10238
2505.10558
2505.09861
2505.10046
2505.09795
2505.09723
2505.09738
2505.09388
2505.09666
2505.10465
2505.10565
2505.09569
2505.08638
2505.09558
2505.08445
2505.09926
2505.10176
2505.09343
2505.09264
2505.08311
2505.08787
2505.08742
2505.08704
2505.09027
2505.08889
2505.08699
2505.09358
2505.08617
2505.08455
2505.07849
2505.07819
2505.07818
2505.08385
2505.08303
2505.09265
2505.08175
2505.08910
2505.08084
2505.08137
2505.08127
2505.07956
2505.07896
2505.07916
2505.07858
2505.07812
2505.07793
2505.08431
2505.07787
2505.07747
2505.07782
2505.07704
2505.07672
2505.07591
2505.07365
2505.07263
2505.07205
2505.07215
2505.07203
2505.07260
2505.07675
2505.07233
2505.07096
2505.07105
2505.06914
2505.06548
2505.06496
2505.06839
2505.05427
2505.06386
2505.05713
2505.05408
2505.05327
2505.06149
2505.05776
2505.05194
2505.05325
2505.05026
2505.05470
2505.05605
2505.06111
2505.05474
2505.06324
2505.05315
2505.04653
2505.06182
2505.05464
2505.06252
2505.05288
2505.06120
2505.05071
2505.05064
2505.04842
2505.04846
2505.05587
2505.04793
2505.04825
2505.04769
2505.04622
2505.04601
2505.03739
2505.03970
2505.04584
2505.04084
2505.04512
2505.03553
2505.03570
2505.03841
2505.03733
2505.03418
2505.03867
2505.03730
2505.04588
2505.03912
2505.03784
2505.04066
2505.03882
2505.04410
2505.03821
2505.03981
2505.03368
2505.03531
2505.03318
2505.03335
2505.02836
2505.03105
2505.02847
2505.02780
2505.02665
2505.02625
2505.02763
2505.02550
2505.02387
2505.02250
2505.02303
2505.02355
2505.02130
2505.02120
2505.04364
2505.04388
2505.02819
2505.03005
2505.01953
2505.01681
2505.01648
2505.01634
2505.02820
2505.02823
2505.02835
2505.02471
2505.01555
2505.02410
2505.02567
2505.01499
2505.01528
2505.04528
2505.01067
2505.02390
2505.00769
2505.00949
2505.00781
2505.00746
2505.02222
2505.02156
2505.00821
2505.02214
2505.00632
2505.00093
2505.00174
2505.00184
2505.01583
2505.00008
2505.01490
2505.01456
2505.01441
2504.21844
2504.21798
2504.21650
2505.00662
2505.01449
2504.21540
2504.21635
2504.21475
2505.00497
2505.00551
2504.21413
2504.21360
2505.00322
2505.00204
2505.00060
2505.00025
2504.21061
2505.00020
2504.20966
2504.20883
2504.21853
2504.21850
2504.21855
2505.01548
2504.21776
2504.21659
2504.21814
2504.21370
2504.21233
2504.21336
2504.20995
2504.21039
2504.20996
2504.20879
2504.20792
2504.20690
2504.20769
2504.20752
2504.20734
2505.00703
2504.20612
2504.20493
2504.20406
2504.20094
2504.20073
2504.20571
2504.20859
2504.20998
2504.19183
2504.19093
2504.19162
2504.19413
2504.18942
2504.19854
2504.19395
2504.19314
2504.18776
2504.19720
2504.19056
2504.19095
2504.19076
2504.19144
2504.19656
2504.19062
2504.18806
2504.18983
2504.18904
2504.18804
2504.18785
2504.18140
2504.20605
2504.18738
2504.18671
2504.18715
2504.17788
2504.18589
2504.18587
2504.18425
2504.18373
2504.18225
2504.18415
2504.18114
2504.18080
2504.17601
2504.17414
2504.17838
2504.17816
2504.17789
2504.17761
2504.17768
2504.18881
2504.17670
2504.17496
2504.17502
2504.17453
2504.17636
2504.17402
2504.17343
2504.17238
2504.17192
2504.17028
2504.17069
2504.17040
2504.17025
2504.16915
2504.16083
2504.16893
2504.16828
2504.16921
2504.16788
2504.16656
2504.16511
2504.16414
2504.16329
2504.16272
2504.16286
2504.16078
2504.16080
2504.16082
2504.16046
2504.16030
2504.16801
2504.16137
2504.16064
2504.15585
2504.15521
2504.15681
2504.15270
2504.15921
2504.15257
2504.17432
2504.15217
2504.15843
2504.15780
2504.15047
2504.15685
2504.15279
2504.15431
2504.14928
2504.15707
2504.15280
2504.15604
2504.15434
2504.15485
2504.14742
2504.14717
2504.15271
2504.15281
2504.16932
2504.15133
2504.15785
2504.15120
2504.14992
2504.14870
2504.14776
2504.14839
2504.14735
2504.14009
2504.13958
2504.14738
2504.13941
2504.14538
2504.13837
2504.14603
2504.14509
2504.14706
2504.14655
2504.13835
2504.13745
2504.14379
2504.13359
2504.14047
2504.14032
2504.13924
2504.13914
2504.13811
2504.13821
2504.13816
2504.13805
2504.13157
2504.14239
2504.13621
2504.13820
2504.13532
2504.12782
2504.12626
2504.13171
2504.13343
2504.12384
2504.13173
2504.13169
2504.13146
2504.13161
2504.13079
2504.13143
2504.13128
2504.12240
2504.13072
2504.12186
2504.12063
2504.12920
2504.11750
2504.12580
2504.12526
2504.11651
2504.11536
2504.11468
2504.12369
2504.12395
2504.12364
2504.12285
2504.12335
2504.12083
2504.12080
2504.13055
2504.11919
2504.11833
2504.11703
2504.11844
2504.11952
2504.11455
2504.11194
2504.10793
2504.11544
2504.10963
2504.10867
2504.11457
2504.10766
2504.10823
2504.10597
2504.11442
2504.10479
2504.11393
2504.10903
2504.11326
2504.10861
2504.11002
2504.10458
2504.10188
2504.10187
2504.10559
2504.10465
2504.10481
2504.10462
2504.11447
2504.11080
2504.11042
2504.10449
2504.11427
2504.09925
2504.11346
2504.11343
2504.09802
2504.10415
2504.10443
2504.10471
2504.10337
2504.09734
2504.10326
2504.09691
2504.10157
2504.10166
2504.10127
2504.10368
2504.10090
2504.10049
2504.09946
2504.09753
2504.09037
2504.08898
2504.08942
2504.08865
2504.09689
2504.09702
2504.09710
2504.09021
2504.10642
2504.09621
2504.09639
2504.09602
2504.09522
2504.09590
2504.09566
2504.09641
2504.09381
2504.09513
2504.08795
2504.08685
2504.08736
2504.08388
2504.09454
2504.09130
2504.09346
2504.08366
2504.09100
2504.08321
2504.09228
2504.09048
2504.07963
2504.07981
2504.09014
2504.07961
2504.08837
2504.07943
2504.08812
2504.08791
2504.08641
2504.08600
2504.08368
2504.07615
2504.08003
2504.08120
2504.07995
2504.07986
2504.07465
2504.07964
2504.07954
2504.07957
2504.07891
2504.07934
2504.07831
2504.08623
2504.08672
2504.07718
2504.07491
2504.07433
2504.07405
2504.07343
2504.07277
2504.07279
2504.08192
2504.07164
2504.08846
2504.07092
2504.07093
2504.06261
2504.07046
2504.06958
2504.06514
2504.07083
2504.07086
2504.06792
2504.06925
2504.06908
2504.07039
2504.06443
2504.07004
2504.06296
2504.06263
2504.05599
2504.07830
2504.06193
2504.05520
2504.06166
2504.06125
2504.06091
2504.06122
2504.05262
2504.06040
2504.05573
2504.05541
2504.05118
2504.05506
2504.05304
2504.05299
2504.04715
2504.05410
2504.05305
2504.05234
2504.05298
2504.05220
2504.05193
2504.04010
2504.03964
2504.05192
2504.03947
2504.04974
2504.04842
2504.04918
2504.04823
2504.04534
2504.04336
2504.04550
2504.03624
2504.04083
2504.03600
2504.04058
2504.03597
2504.04022
2504.03931
2504.03875
2504.03790
2504.03641
2504.03601
2504.03755
2504.03767
2504.02792
2504.03193
2504.02828
2504.02605
2504.03561
2504.02402
2504.02817
2504.03011
2504.02398
2504.02463
2504.02137
2504.02587
2504.02821
2504.02119
2504.02782
2504.04718
2504.03536
2504.02542
2504.01943
2504.02507
2504.01871
2504.01934
2504.02807
2504.03151
2504.02534
2504.01833
2504.02949
2504.02882
2504.02495
2504.02436
2504.02928
2504.01786
2504.02812
2504.02263
2504.01217
2504.01103
2504.02286
2504.02154
2504.02012
2504.01014
2504.01903
2504.01848
2504.01883
2504.01317
2504.00869
2504.01724
2504.01324
2504.03029
2504.01328
2504.01828
2504.02160
2504.01201
2504.01308
2504.00595
2504.01266
2504.00421
2504.01081
2504.01005
2504.01089
2504.01016
2504.00986
2504.00043
2504.00999
2504.00939
2504.00927
2504.00906
2503.24376
2504.00883
2504.00824
2503.24340
2504.00502
2504.00438
2504.00557
2503.24243
2504.00294
2504.00050
2504.00072
2504.01017
2503.24115
2503.24137
2504.02826
2503.24391
2504.00016
2503.23905
2503.24388
2503.24377
2503.24370
2503.23897
2503.23829
2503.23798
2503.24364
2503.24290
2504.00509
2503.24190
2503.24210
2503.24183
2503.24067
2503.23377
2503.23157
2503.23162
2503.22840
2503.22885
2503.23058
2503.23130
2503.23315
2503.22930
2503.23242
2503.22679
2503.22675
2503.23730
2503.23758
2503.23733
2503.22654
2503.23542
2503.22583
2503.23368
2503.23361
2503.22503
2503.23284
2503.23461
2503.22738
2503.23145
2503.22304
2503.23135
2503.22275
2503.22141
2503.22879
2503.22126
2503.22952
2503.23307
2503.21977
2503.22099
2503.22711
2503.23022
2503.21844
2503.22732
2503.22674
2503.22677
2503.21743
2503.21755
2503.21758
2503.21732
2503.21776
2503.22655
2503.22625
2503.21706
2503.22444
2503.21620
2503.21544
2503.21464
2503.21248
2503.22268
2503.22194
2503.21237
2503.22165
2503.22236
2503.22230
2503.21088
2503.21130
2503.21851
2503.20883
2503.21751
2503.21749
2503.20794
2503.21780
2503.21774
2503.24310
2503.21696
2503.21614
2503.21694
2503.21460
2503.20783
2503.21541
2503.21413
2503.21581
2503.21332
2503.21380
2503.21144
2503.20441
2503.20978
2503.20956
2503.20240
2503.21777
2503.20853
2503.20822
2503.20757
2503.20672
2503.20776
2503.20641
2503.20563
2503.20491
2503.20731
2503.20472
2503.20069
2503.20446
2503.20084
2503.20308
2503.20271
2503.20218
2503.20198
2503.19786
2503.20112
2503.20110
2503.19988
2503.20020
2503.19907
2503.19953
2503.19950
2503.21765
2503.19906
2503.19990
2503.19904
2503.19881
2503.20286
2503.19884
2503.19846
2503.19123
2503.19794
2503.19901
2503.21381
2503.19757
2503.19633
2503.19622
2503.19542
2503.19325
2503.19207
2503.19356
2503.19385
2503.19462
2503.18769
2503.18893
2503.19065
2503.18860
2503.18674
2503.19041
2503.18446
2503.19075
2503.18942
2503.18931
2503.18809
2503.18943
2503.18908
2503.18878
2503.18866
2503.18945
2503.18968
2503.18013
2503.18923
2503.18494
2503.18948
2503.18886
2503.18817
2503.17735
2503.17547
2503.18419
2503.17422
2503.18352
2503.18476
2503.18225
2503.18158
2503.18102
2503.17352
2503.18071
2503.18033
2503.17287
2503.17979
2503.17165
2503.17973
2503.17847
2503.17824
2503.17827
2503.17587
2503.17793
2503.17523
2503.17970
2503.16924
2503.17439
2503.17473
2503.16776
2503.17365
2503.17329
2503.17358
2503.17359
2503.16660
2503.16607
2503.16549
2503.16529
2503.18470
2503.16429
2503.17069
2503.17032
2503.16983
2503.17126
2503.16965
2503.16418
2503.16416
2503.16874
2503.16905
2503.16867
2503.16921
2503.16396
2503.16742
2503.16717
2503.16699
2503.16709
2503.16322
2503.16683
2503.16505
2503.16430
2503.16428
2503.16425
2503.16426
2503.16421
2503.16423
2503.16419
2503.16420
2503.16384
2503.16375
2503.16365
2503.16356
2503.16351
2503.16304
2503.16289
2503.16302
2503.17361
2503.16257
2503.16282
2503.16160
2503.16025
2503.16278
2503.16188
2503.16219
2503.16252
2503.16212
2503.15667
2503.15562
2503.16194
2503.15478
2503.15672
2503.16031
2503.15485
2503.16057
2503.15644
2503.15624
2503.15879
2503.16040
2503.14891
2503.15893
2503.16055
2503.15475
2503.15451
2503.15952
2503.15417
2503.15450
2503.14744
2503.14734
2503.14505
2503.15222
2503.14495
2503.14492
2503.15092
2503.15242
2503.15264
2503.14905
2503.14941
2503.14607
2503.14688
2503.14499
2503.14585
2503.14504
2503.14476
2503.14378
2503.14434
2503.14428
2503.13657
2503.13510
2503.13444
2503.14478
2503.14201
2503.14190
2503.14049
2503.14002
2503.14125
2503.13891
2503.13964
2503.13221
2503.13327
2503.13834
2503.13974
2503.13772
2503.12964
2503.13553
2503.13632
2503.13441
2503.12763
2503.13424
2503.13360
2503.12619
2503.13369
2503.12593
2503.13356
2503.13265
2503.13188
2503.13111
2503.12797
2503.12963
2503.12937
2503.12652
2503.12605
2503.12545
2503.12271
2503.12590
2503.11862
2503.12347
2503.12004
2503.11897
2503.12177
2503.11667
2503.11926
2503.12532
2503.11651
2503.11698
2503.11900
2503.11938
2503.11898
2503.11629
2503.12530
2503.12524
2503.12329
2503.11603
2503.12528
2503.12235
2503.11495
2503.11486
2503.12303
2503.11273
2503.12171
2503.11850
2503.11849
2503.11357
2503.12533
2503.11246
2503.11412
2503.12349
2503.11801
2503.11347
2503.11646
2503.11791
2503.10772
2503.10690
2503.11557
2503.11579
2503.11576
2503.12505
2503.11647
2503.12127
2503.11251
2503.11383
2503.11514
2503.10728
2503.10625
2503.10719
2503.10696
2503.10997
2503.10615
2503.10679
2503.10613
2503.10704
2503.10576
2503.10637
2503.10638
2503.10546
2503.10522
2503.10351
2503.10632
2503.10630
2503.10291
2503.10622
2503.10624
2503.09949
2503.10602
2503.10596
2503.10614
2503.10582
2503.10486
2503.10618
2503.10460
2503.10357
2503.10365
2503.09799
2503.10391
2503.10437
2503.11207
2503.10284
2503.10410
2503.10192
2503.09956
2503.09917
2503.09901
2503.09905
2503.09837
2503.09838
2503.09805
2503.09642
2503.09641
2503.09419
2503.09889
2503.09579
2503.09601
2503.09600
2503.08689
2503.09410
2503.09567
2503.09543
2503.08686
2503.09203
2503.09046
2503.09151
2503.09089
2503.09516
2503.09402
2503.09566
2503.09590
2503.09007
2503.08507
2503.08893
2503.08890
2503.08681
2503.08678
2503.08677
2503.08674
2503.07906
2503.08644
2503.08638
2503.08625
2503.08626
2503.08605
2503.08619
2503.07639
2503.08417
2503.08478
2503.08102
2503.08120
2503.07598
2503.07879
2503.07572
2503.09512
2503.07860
2503.07839
2503.07507
2503.07891
2503.07426
2503.07314
2503.07389
2503.07265
2503.07608
2503.07154
2503.07605
2503.07067
2503.07677
2503.07603
2503.07602
2503.07587
2503.06800
2503.07459
2503.07597
2503.07413
2503.07465
2503.07216
2503.07111
2503.07091
2503.07041
2503.07103
2503.07027
2503.06960
2503.07002
2503.07565
2503.06500
2503.06749
2503.06362
2503.06626
2503.06580
2503.06674
2503.06553
2503.06573
2503.06550
2503.06680
2503.06594
2503.06520
2503.06327
2503.06492
2503.06349
2503.06273
2503.06141
2503.07631
2503.07197
2503.06121
2503.05769
2503.05689
2503.05236
2503.05179
2503.05592
2503.05176
2503.05639
2503.06053
2503.05891
2503.05638
2503.05931
2503.05333
2503.05132
2503.05804
2503.05066
2503.05085
2503.05652
2503.06072
2503.05447
2503.04973
2503.05037
2503.04724
2503.04721
2503.04812
2503.04598
2503.04874
2503.04824
2503.05315
2503.04388
2503.04783
2503.04378
2503.03812
2503.04725
2503.04723
2503.03803
2503.03783
2503.04644
2503.04550
2503.04548
2503.04699
2503.04489
2503.04606
2503.04629
2503.04369
2503.04359
2503.03524
2503.04222
2503.04094
2503.04130
2503.03983
2503.03477
2503.03800
2503.03730
2503.03746
2503.03734
2503.02942
2503.02947
2503.03651
2503.04334
2503.03601
2503.02876
2503.03532
2503.02867
2503.02542
2503.02805
2503.02818
2503.03040
2503.03044
2503.03114
2503.03317
2503.02537
2503.02972
2503.02924
2503.02878
2503.02846
2503.02823
2503.02493
2503.02268
2503.02304
2503.04715
2503.02253
2503.02229
2503.01807
2503.02068
2503.02368
2503.02379
2503.02357
2503.02032
2503.01895
2503.01840
2503.02196
2503.01836
2503.01801
2503.01769
2503.01774
2503.01773
2503.01714
2503.01805
2503.01935
2503.01958
2503.01469
2503.02139
2503.01917
2503.01743
2503.01923
2503.01842
2503.02090
2503.01729
2503.01328
2503.01785
2503.02199
2503.01739
2503.01174
2503.01177
2503.01820
2503.01082
2503.01763
2503.00735
2503.00784
2503.01688
2503.01496
2503.01471
2503.01449
2503.01461
2503.01506
2503.01933
2503.01370
2503.02152
2503.01378
2503.01342
2503.02130
2503.01372
2503.00329
2503.00501
2503.00455
2503.00307
2503.01307
2503.00149
2503.00031
2503.00169
2503.01183
2503.00955
2503.01295
2503.00940
2503.00808
2503.00865
2503.00729
2503.00714
2503.00876
2502.20545
2502.20583
2503.00619
2503.00519
2503.00200
2503.00069
2502.21220
2502.21263
2502.21228
2502.20395
2502.21291
2502.20388
2502.20380
2502.20868
2502.20321
2502.20727
2502.20811
2502.20900
2502.20647
2502.20969
2502.20558
2502.20527
2502.20730
2502.20432
2502.20412
2502.20433
2502.20396
2502.20383
2502.20311
2502.20307
2502.20258
2502.20255
2502.20204
2502.20378
2502.20238
2502.20127
2502.20172
2502.20126
2502.20082
2502.19735
2502.19870
2502.19731
2502.19655
2502.20475
2502.19628
2502.19952
2502.19587
2502.19888
2502.20072
2502.20115
2502.19634
2502.18924
2502.19312
2502.19413
2502.19537
2502.19328
2502.18934
2502.19261
2502.19400
2502.18965
2502.19187
2502.19325
2502.18890
2502.18860
2502.18968
2502.19263
2502.19043
2502.18881
2502.19361
2502.18858
2502.18757
2502.19204
2502.18772
2502.19402
2502.19459
2502.18705
2502.18737
2502.18736
2502.18704
2502.18600
2502.18316
2502.18137
2502.18573
2502.18017
2502.18527
2502.18461
2502.18548
2502.18505
2502.19613
2502.18449
2502.18435
2502.18418
2502.18443
2502.18356
2502.18411
2502.18344
2502.18417
2502.18348
2502.18364
2502.17540
2502.18302
2502.18210
2502.18028
2502.17422
2502.17424
2502.17955
2502.18197
2502.17813
2502.17844
2502.17785
2502.17941
2502.17910
2502.17764
2502.17674
2502.17535
2502.17435
2502.17425
2502.17605
2502.17419
2502.16982
2502.17363
2502.17414
2502.17355
2502.17407
2502.17328
2502.16707
2502.17262
2502.17258
2502.17321
2502.17239
2502.17237
2502.17125
2502.19161
2502.16473
2502.17092
2502.17089
2502.17157
2502.16971
2502.17055
2502.16922
2502.16825
2502.16810
2502.16776
2502.16779
2502.16894
2502.16794
2502.16750
2502.16701
2502.16614
2502.16469
2502.16428
2502.16457
2502.16944
2502.16284
2502.15612
2502.16161
2502.15657
2502.16069
2502.15761
2502.15631
2502.15980
2502.15894
2502.15989
2502.15872
2502.16077
2502.15681
2502.15425
2502.15773
2502.15885
2502.15961
2502.15987
2502.15422
2502.15919
2502.15920
2502.15814
2502.15361
2502.16033
2502.15167
2502.15499
2502.15122
2502.15090
2502.15082
2502.14802
2502.14866
2502.14856
2502.15069
2502.15054
2502.15027
2502.14669
2502.14502
2502.15011
2502.15007
2502.14473
2502.14992
2502.14409
2502.14949
2502.14926
2502.14905
2502.14302
2502.14855
2502.14844
2502.14922
2502.14776
2502.14892
2502.14768
2502.14842
2502.14854
2502.14846
2502.14786
2502.14698
2502.14767
2502.14638
2502.14620
2502.14541
2502.14122
2502.14678
2502.13943
2502.14499
2502.14494
2502.14429
2502.13685
2502.14397
2502.13622
2502.14282
2502.13454
2502.14258
2502.14191
2502.14247
2502.14132
2502.14044
2502.14036
2502.13995
2502.13946
2502.13917
2502.13928
2502.13391
2502.13791
2502.13908
2502.13759
2502.13922
2502.14382
2502.13595
2502.13533
2502.14127
2502.13449
2502.13294
2502.13189
2502.13372
2502.13215
2502.13347
2502.13369
2502.13173
2502.13092
2502.12873
2502.12784
2502.13047
2502.13063
2502.12825
2502.12853
2502.12638
2502.13045
2502.13145
2502.13143
2502.12769
2502.13142
2502.13130
2502.12945
2502.12383
2502.12215
2502.14295
2502.12170
2502.12671
2502.12982
2502.12669
2502.12752
2502.12852
2502.13128
2502.12894
2502.12143
2502.12996
2502.13144
2502.12084
2502.12859
2502.12659
2502.12524
2502.13138
2502.12574
2502.13991
2502.12054
2502.12459
2502.14637
2502.11663
2502.12501
2502.12464
2502.12513
2502.11490
2502.12342
2502.11414
2502.11347
2502.12404
2502.12154
2502.12521
2502.11330
2502.12148
2502.12146
2502.11164
2502.12067
2502.12152
2502.11901
2502.11886
2502.11544
2502.11573
2502.11578
2502.11492
2502.11438
2502.11775
2502.11357
2502.11433
2502.11831
2502.11275
2502.11157
2502.10458
2502.11196
2502.10391
2502.10392
2502.11096
2502.11079
2502.11085
2502.11167
2502.11089
2502.10852
2502.10248
2502.10190
2502.10708
2502.10820
2502.10561
2502.10537
2502.09969
2502.09992
2502.10526
2502.10517
2502.10454
2502.10491
2502.12479
2502.10424
2502.10389
2502.10299
2502.10362
2502.10177
2502.10303
2502.10140
2502.09935
2502.09980
2502.09927
2502.11262
2502.11564
2502.09838
2502.10008
2502.09870
2502.09873
2502.09082
2502.09863
2502.09696
2502.09509
2502.09638
2502.09741
2502.09604
2502.08916
2502.09660
2502.09560
2502.09616
2502.08869
2502.10542
2502.09411
2502.09061
2502.09563
2502.09620
2502.09056
2502.09601
2502.09042
2502.09619
2502.09613
2502.09048
2502.09692
2502.08946
2502.08966
2502.09245
2502.08213
2502.08168
2502.08820
2502.08826
2502.08910
2502.08130
2502.08763
2502.08047
2502.08889
2502.08705
2502.07870
2502.08680
2502.08639
2502.07780
2502.07864
2502.08606
2502.08468
2502.09614
2502.08441
2502.08202
2502.08127
2502.07985
2502.07905
2502.07316
2502.07789
2502.07785
2502.07784
2502.07737
2502.07599
2502.07586
2502.07856
2502.07685
2502.06872
2502.07555
2502.07508
2502.07531
2502.07578
2502.06788
2502.07527
2502.06782
2502.07408
2502.07188
2502.07087
2502.07312
2502.06662
2502.08554
2502.06589
2502.06957
2502.07001
2502.06608
2502.06918
2502.06925
2502.06857
2502.06985
2502.06884
2502.06394
2502.06802
2502.06854
2502.06781
2502.06755
2502.07374
2502.06703
2502.06772
2502.07640
2502.06555
2502.06533
2502.06428
2502.06382
2502.06301
2502.06807
2502.08745
2502.06329
2502.06786
2502.06111
2502.06155
2502.06096
2502.06145
2502.06086
2502.06635
2502.06064
2502.06009
2502.05179
2502.06060
2502.05761
2502.06282
2502.05178
2502.05171
2502.06049
2502.05979
2502.05878
2502.05003
2502.05195
2502.05449
2502.07445
2502.05323
2502.05429
2502.05415
2502.04482
2502.04507
2502.05389
2502.05176
2502.06023
2502.05795
2502.05431
2502.05932
2502.05167
2502.05092
2502.05110
2502.04728
2502.07346
2502.04896
2502.04689
2502.04565
2502.04241
2502.04959
2502.04549
2502.04484
2502.04520
2502.04381
2502.04416
2502.04370
2502.04403
2502.04363
2502.04356
2502.04376
2502.04342
2502.04404
2502.04328
2502.04411
2502.04299
2502.04320
2502.04327
2502.03771
2502.04322
2502.04313
2502.03609
2502.03387
2502.04223
2502.04235
2502.04128
2502.04270
2502.03032
2502.03997
2502.02909
2502.03860
2502.03738
2502.03688
2502.03544
2502.03639
2502.03628
2502.02692
2502.03621
2502.03397
2502.02187
2502.03349
2502.03275
2502.02988
2502.05173
2502.04004
2502.01804
2502.02929
2502.01652
2502.01636
2502.02523
2502.02737
2502.02671
2502.02589
2502.02492
2502.02421
2502.02358
2502.02701
2502.02095
2502.02339
2502.02040
2502.02508
2502.01850
2502.01909
2502.01720
2502.01703
2502.01637
2502.01619
2502.01618
2502.03512
2502.00698
2502.01534
2502.01557
2502.01032
2502.01584
2502.01081
2502.01591
2502.01441
2502.00562
2502.00299
2502.01059
2502.01100
2502.01572
2502.01362
2502.00226
2502.00202
2502.01068
2502.00988
2501.19399
2502.00473
2502.00046
2502.01436
2502.01061
2502.01154
2501.19339
2502.00674
2501.19066
2501.18997
2501.18928
2502.01126
2501.19004
2501.18753
2501.18662
2502.01105
2502.01341
2502.00965
2502.01237
2502.00989
2502.01456
2502.00094
2501.18585
2502.01142
2501.18588
2502.00840
2501.18631
2501.18492
2502.00306
2501.19383
2501.19377
2501.18427
2501.18210
2501.18167
2501.18126
2501.18119
2501.18138
2501.19054
2501.18838
2501.19085
2501.18837
2501.17752
2501.17887
2501.18965
2501.17703
2501.17831
2501.18914
2501.17332
2501.17116
2501.17218
2501.17178
2501.18511
2501.18438
2501.18512
2501.18128
2501.18197
2502.01506
2501.18052
2501.16585
2501.17749
2501.17811
2501.18009
2501.18045
2501.16513
2501.17819
2501.17433
2501.16395
2501.17183
2501.16207
2501.17117
2501.16180
2501.17195
2501.17030
2501.18636
2501.16079
2501.17161
2501.16975
2501.15907
2501.19306
2501.18055
2501.16609
2501.15654
2501.15427
2501.16372
2501.16277
2501.16273
2501.16255
2501.16103
2501.16123
2501.19389
2501.16075
2501.15747
2501.15891
2501.15727
2501.15570
2501.15420
2501.15369
2501.15368
2501.14925
2501.15276
2501.16496
2501.15023
2501.14723
2501.14818
2501.14726
2501.13918
2501.14176
2501.13953
2501.13928
2501.14073
2501.14417
2501.14317
2501.13926
2501.14342
2501.15034
2501.13925
2501.13919
2501.12895
2501.13883
2501.13824
2501.13826
2501.12599
2501.13765
2501.13789
2501.13687
2501.13452
2501.13293
2501.13554
2501.13200
2501.13223
2501.13124
2501.13087
2501.13106
2501.19393
2501.13051
2501.13007
2501.12909
2501.13074
2501.13011
2501.12202
2501.12493
2501.12570
2501.12390
2501.12469
2501.12389
2501.12387
2501.12375
2501.12372
2501.12370
2501.12380
2501.11733
2501.11425
2501.13629
2501.12368
2501.10893
2501.12224
2501.13075
2501.10573
2501.12206
2501.11918
2501.11914
2501.11900
2501.11858
2501.10057
2501.11770
2501.10045
2501.11185
2501.11179
2501.11223
2501.10979
2501.11067
2501.10963
2501.10799
2501.09747
2501.10579
2501.10120
2501.10114
2501.10279
2501.10020
2501.09825
2501.10018
2501.09978
2501.09813
2501.13382
2501.09781
2501.09891
2501.09775
2501.09751
2501.09732
2501.09686
2501.09503
2501.09653
2501.09433
2501.10053
2501.09756
2501.08326
2501.09147
2501.08225
2501.09019
2501.09012
2501.08328
2501.08203
2501.08187
2501.08329
2501.08617
2501.08332
2501.08970
2501.08331
2501.08248
2501.08325
2501.08319
2501.08167
2501.08809
2501.08994
2501.08014
2501.08284
2501.07802
2501.07888
2501.07783
2501.06597
2501.06327
2501.07730
2501.07458
2501.07556
2501.09284
2501.08156
2501.06173
2501.07171
2501.07047
2501.06842
2501.06458
2501.06802
2501.05510
2501.06289
2501.06250
2501.05366
2501.06186
2501.06252
2501.05874
2501.05767
2501.05727
2501.05040
2501.05781
2501.05707
2501.04689
2501.05520
2501.05452
2501.05441
2501.05131
2501.05386
2501.04985
2501.04782
2501.06751
2501.04961
2501.04698
2501.04693
2501.04694
2501.04561
2501.04519
2501.04306
2501.04575
2501.04194
2501.04144
2501.04128
2501.04686
2501.03895
2501.03916
2501.03847
2501.03841
2501.03714
2501.02780
2501.02763
2501.05453
2501.03569
2501.03006
2501.03575
2501.03560
2501.02497
2501.02790
2501.02832
2501.03639
2501.02086
2501.06425
2501.03218
2501.02576
2501.03489
2501.02772
2501.01427
2501.03468
2501.02955
2501.03440
2501.02523
2501.02690
2501.03262
2501.03220
2501.03225
2501.02260
2501.01005
2501.01046
2501.01054
2501.02157
2501.02393
2501.02045
2501.01957
2501.01904
2412.21187
2501.00192
2501.01895
2501.01540
2501.01830
2501.01790
2501.01426
2501.00103
2412.21059
2412.21127
2501.01407
2501.01423
2501.03743
2501.01320
2501.01257
2412.20993
2412.20800
2501.01245
2501.01149
2412.19712
2412.20422
2501.01073
2501.00958
2501.00912
2412.19437
2501.01028
2412.19326
2501.00874
2501.00599
2412.18608
2412.18808
2412.21199
2412.18547
2412.21139
2412.18525
2412.18319
2412.18153
2412.17805
2412.18072
2412.21079
2412.20735
2412.19723
2412.20070
2412.17739
2412.17498
2412.18702
2412.18597
2412.18605
2412.18450
2412.18495
2412.19010
2412.16720
2412.21037
2412.16429
2412.16153
2412.17747
2412.17758
2412.17606
2412.17589
2412.17726
2412.17483
2412.17256
2412.17245
2412.16926
2412.16849
2412.16855
2412.16686
2501.02506
2412.16256
2412.16132
2412.15484
2412.15322
2412.15450
2412.15191
2412.14171
2412.14922
2412.15487
2412.14711
2412.17767
2412.15618
2412.14169
2412.14233
2412.16112
2412.15214
2412.14462
2412.13663
2412.13303
2412.14642
2412.14283
2412.15118
2412.14475
2412.14294
2412.15200
2412.14963
2412.14590
2412.13180
2412.15213
2412.14173
2412.14015
2412.14835
2412.13746
2412.13871
2412.13795
2412.12095
2412.14093
2412.12094
2412.13670
2412.13389
2412.12091
2412.11919
2412.13377
2412.11815
2412.15119
2412.13194
2412.13185
2412.13171
2412.14161
2412.11525
2412.11634
2412.13018
2412.12571
2412.11314
2412.11449
2412.12953
2412.12606
2412.11423
2412.12276
2412.11100
2412.11231
2412.10360
2412.12300
2412.13061
2412.12004
2412.15084
2412.10345
2412.10302
2412.11863
2412.09871
2412.09910
2412.11912
2412.15035
2412.09622
2412.11279
2412.11258
2412.11605
2412.10419
2412.10494
2412.09604
2412.10337
2412.09551
2412.09573
2412.10316
2412.09858
2412.09722
2412.09856
2412.09370
2412.09262
2412.09645
2412.09626
2412.09618
2412.09611
2412.09013
2412.11586
2412.08905
2412.09596
2412.08629
2412.09586
2412.10047
2412.09585
2412.09460
2412.08347
2412.07797
2412.09283
2412.09428
2412.09501
2412.09025
2412.08645
2412.08503
2412.08859
2412.08646
2412.08635
2412.10319
2412.08580
2412.08486
2412.08467
2412.09569
2412.08442
2412.07776
2412.07744
2412.08443
2412.07730
2412.07721
2412.07769
2412.07774
2412.07112
2412.06769
2412.06845
2412.06767
2412.07674
2412.06676
2412.06206
2412.07282
2412.07338
2412.06674
2412.07679
2412.06329
2412.05994
2412.06699
2412.05939
2412.06781
2412.05496
2412.06966
2412.07626
2412.05243
2412.05263
2412.07825
2412.07720
2412.07147
2412.04905
2412.06745
2412.06782
2412.07517
2412.06673
2412.06234
2412.06771
2412.04653
2412.04835
2412.06578
2412.04827
2412.06016
2412.04467
2412.04470
2412.05983
2412.05600
2412.05552
2412.05355
2412.05271
2412.05210
2412.04280
2412.05237
2412.04262
2412.04814
2412.04062
2412.04862
2412.04506
2412.03679
2412.04468
2412.03632
2412.03603
2412.04432
2412.04455
2412.04445
2412.03558
2412.04449
2412.03555
2412.04315
2412.04403
2412.04431
2412.04448
2412.03428
2412.04277
2412.03187
2412.03205
2412.04301
2412.04261
2412.03069
2412.02980
2412.03791
2412.02700
2412.03704
2412.02595
2412.04106
2412.02186
2412.04003
2412.02142
2412.02030
2412.03548
2412.03552
2412.04458
2412.03537
2412.01506
2412.03439
2412.03248
2412.03123
2412.01253
2412.01199
2412.02687
2412.02692
2412.02592
2412.02259
2412.02632
2412.02611
2412.01981
2412.01821
2412.02114
2412.01800
2412.01822
2412.01819
2412.01928
2412.01718
2412.04424
2412.01408
2412.01316
2412.01292
2412.01169
2412.01106
2412.01246
2412.01250
2412.00493
2411.19865
2412.00176
2412.00319
2411.19638
2411.19655
2412.00174
2411.19458
2411.19939
2412.00927
2411.19950
2412.00396
2411.19930
2411.19527
2411.19842
2411.19067
2412.00131
2411.18933
2412.00154
2411.18822
2412.00568
2412.00177
2411.19943
2412.00100
2411.18478
2411.18616
2411.19146
2411.19460
2411.18197
2411.17966
2411.19324
2411.17991
2411.19477
2411.18966
2411.17787
2411.17945
2411.17786
2411.17686
2411.17698
2411.17673
2411.17690
2411.17769
2411.18665
2412.00239
2411.18552
2411.18671
2411.19108
2411.17440
2411.19799
2411.17465
2411.18462
2411.17176
2411.17116
2411.18363
2411.18613
2411.16856
2411.18104
2411.16681
2411.18279
2411.16657
2411.17949
2411.16341
2411.17863
2411.17691
2411.16085
2411.16034
2411.17467
2411.15862
2411.17451
2411.18673
2411.15594
2411.18203
2411.17190
2411.16665
2411.16819
2411.15139
2411.16781
2411.16679
2411.17041
2411.16489
2411.16832
2411.16345
2411.15124
2411.14793
2411.14762
2411.15872
2411.15611
2411.14521
2411.15411
2411.15296
2411.15138
2411.15131
2411.15033
2411.14982
2411.15098
2411.16443
2411.16594
2411.16035
2411.16318
2411.14794
2411.15115
2411.14951
2411.14522
2411.17383
2411.14432
2411.14208
2411.12811
2411.13476
2411.12946
2411.13543
2411.14343
2411.14257
2411.14405
2411.11922
2411.13552
2411.12734
2411.12372
2411.11504
2411.11925
2411.13503
2411.13127
2411.13807
2411.13676
2411.10913
2411.11767
2411.11024
2411.10958
2411.14347
2411.10669
2411.10442
2411.13550
2411.10323
2411.14430
2411.13281
2411.12925
2411.12644
2411.12814
2411.14384
2411.09661
2411.13405
2411.09595
2411.12364
2411.10867
2411.11844
2411.09009
2411.12044
2411.11171
2411.08954
2411.10836
2411.08868
2411.08768
2411.10818
2411.10541
2411.10640
2411.10510
2411.10499
2411.13025
2411.14199
2411.11984
2411.08307
2411.10438
2411.07641
2411.07975
2411.10332
2411.07461
2411.10168
2411.07184
2411.07199
2411.10161
2411.06307
2411.09703
2411.08790
2411.05945
2411.05830
2411.08017
2411.08034
2411.08147
2411.08033
2411.07765
2411.05738
2411.07618
2411.07140
2411.07191
2411.06558
2411.07231
2411.07232
2411.05288
2411.05088
2411.07942
2411.04983
2411.04999
2411.05000
2411.05003
2411.05005
2411.06272
2411.05990
2411.04965
2411.04905
2411.06208
2411.04709
2411.08380
2411.05823
2411.05403
2411.05457
2411.05007
2411.04986
2411.04997
2411.04989
2411.04967
2411.04923
2411.04954
2411.04952
2411.04425
2411.04335
2411.04075
2411.04329
2411.04368
2411.04109
2411.04282
2411.04097
2411.07091
2411.02397
2411.01493
2411.06490
2411.02327
2411.02462
2411.03823
2411.03312
2411.02293
2411.02319
2411.01747
2411.00820
2411.00836
2411.01106
2411.02959
2411.02335
2411.01192
2411.02265
2411.00776
2411.02385
2411.00743
2411.00660
2411.00918
2411.04975
2411.02305
2411.02393
2411.00225
2411.00359
2411.00860
2410.24175
2411.00785
2411.00771
2411.02359
2411.02398
2411.01783
2411.02336
2410.23287
2411.00871
2410.24211
2410.23277
2411.00027
2411.02337
2410.24213
2410.24164
2410.24032
2410.24024
2410.24159
2411.02355
2410.22901
2410.23775
2410.22370
2410.23825
2410.21969
2410.22304
2410.21643
2410.23461
2410.23300
2410.23331
2410.21333
2410.21465
2410.21264
2410.23252
2410.23168
2410.23218
2410.23123
2410.23090
2410.22394
2410.23234
2410.22325
2410.21680
2410.22391
2410.21438
2410.21647
2410.21271
2410.21273
2410.20056
2410.24198
2410.21242
2410.20650
2410.20771
2410.20474
2410.21169
2410.20305
2410.20399
2410.20424
2410.20011
2410.20280
2410.20050
2410.19609
2410.19730
2410.21845
2410.21252
2410.19355
2410.22587
2410.21276
2410.19123
2410.18745
2410.19012
2410.18505
2410.19313
2410.18975
2410.18558
2410.19290
2410.19168
2410.18775
2410.18481
2410.18451
2410.18194
2410.18798
2410.21157
2410.18889
2410.18967
2410.18252
2410.18391
2410.18071
2410.18057
2410.18647
2410.17897
2410.18976
2410.17840
2410.17637
2410.17249
2410.19008
2410.17242
2410.18912
2410.16930
2410.18860
2410.18978
2410.18693
2410.18666
2410.18603
2410.18533
2410.18072
2410.18076
2410.18572
2410.19100
2410.17883
2410.17856
2410.17779
2410.17434
2410.16270
2410.17243
2410.16268
2410.16597
2410.15999
2410.16090
2410.16429
2410.16048
2410.16512
2410.17891
2410.18234
2410.16392
2410.15531
2410.16267
2410.16424
2410.16153
2410.15735
2410.15956
2410.16266
2410.16251
2410.14059
2410.13925
2410.15700
2410.14945
2410.15017
2410.15466
2410.15580
2410.15748
2410.14470
2410.14745
2410.14208
2410.14582
2410.15633
2410.18084
2410.14669
2410.13928
2410.14596
2410.14677
2410.14516
2410.13859
2410.13861
2410.13852
2410.13787
2410.14057
2410.13618
2410.13863
2410.13924
2410.15460
2410.13854
2410.13782
2410.13276
2410.13218
2410.13848
2410.13334
2410.13360
2410.13184
2410.13674
2410.13841
2410.13284
2410.12781
2410.13293
2410.13458
2410.12490
2410.13757
2410.13639
2410.12391
2410.11878
2410.13816
2410.12957
2410.13060
2410.12788
2410.12722
2410.12771
2410.11710
2410.11758
2410.13720
2410.12705
2410.12628
2410.11331
2410.11190
2410.10989
2410.11081
2410.12613
2410.10819
2410.10813
2410.10803
2410.12109
2410.11842
2410.11900
2410.11843
2410.11817
2410.11779
2410.11619
2410.11623
2410.10306
2410.11419
2410.10210
2410.11096
2410.13232
2410.10816
2410.09733
2410.10814
2410.10783
2410.09637
2410.10773
2410.09615
2410.10714
2410.10646
2410.09342
2410.10594
2410.09038
2410.10469
2410.10563
2410.08968
2410.08815
2410.09754
2410.08391
2410.10139
2410.08196
2410.08168
2410.08164
2410.09870
2410.09426
2410.08151
2410.09335
2410.09223
2410.09207
2410.09045
2410.07985
2410.07536
2410.09009
2410.08612
2410.08584
2410.09006
2410.08565
2410.08207
2410.10818
2410.08115
2410.07722
2410.07707
2410.07656
2410.07331
2410.06961
2410.08049
2410.07170
2410.06885
2410.07484
2410.07303
2410.08159
2410.07071
2410.07073
2410.06634
2410.06845
2410.06508
2410.07133
2410.07041
2410.07002
2410.07137
2410.07112
2410.06241
2410.06949
2410.06166
2410.06154
2410.05791
2410.05664
2410.10934
2410.06458
2410.05954
2410.06456
2410.07627
2410.05269
2410.05262
2410.06373
2410.06371
2410.07502
2410.05254
2410.05243
2410.05248
2410.05193
2410.06172
2410.05160
2410.07064
2410.06244
2410.05677
2410.05057
2410.05993
2410.05656
2410.05651
2410.05643
2410.05880
2410.05629
2410.05355
2410.05364
2410.06084
2410.05363
2410.05295
2410.04364
2410.04343
2410.05265
2410.06293
2410.03825
2410.05255
2410.05229
2410.05210
2410.05167
2410.05080
2410.05046
2410.03290
2410.03051
2410.04698
2410.03017
2410.04534
2410.02763
2410.03959
2410.04223
2410.03864
2410.04350
2410.04199
2410.03960
2410.02757
2410.02740
2410.02746
2410.02713
2410.03617
2410.02712
2410.02703
2410.03450
2410.02465
2410.03103
2410.03187
2410.03529
2410.02367
2410.02241
2410.02907
2410.07145
2410.02762
2410.02760
2410.02749
2410.02705
2410.02536
2410.02678
2410.02613
2410.02675
2410.02525
2410.02650
2410.02362
2410.02724
2410.01647
2410.01481
2410.01946
2410.02126
2410.01920
2410.01273
2410.02052
2410.02098
2410.01804
2410.02073
2410.01088
2410.00337
2410.00545
2410.01912
2410.01744
2410.01691
2410.01699
2410.01782
2410.00231
2410.01428
2410.01440
2410.01748
2410.00037
2410.01215
2410.01731
2410.01257
2410.01171
2410.01335
2410.04081
2410.01036
2409.19808
2409.19627
2410.00907
2410.00890
2410.00531
2410.02056
2410.00296
2409.19291
2410.00255
2409.18203
2410.00316
2409.17692
2409.20551
2409.20018
2410.02428
2409.19989
2409.20537
2409.19946
2409.17146
2409.17433
2409.20325
2409.19603
2409.16666
2409.18943
2409.16288
2409.18313
2409.16235
2409.16191
2409.16143
2409.18121
2409.18124
2409.17912
2409.18125
2409.16211
2409.18111
2409.15700
2409.18042
2409.17481
2409.15353
2409.15278
2409.17145
2409.17066
2409.17143
2409.14683
2409.14988
2409.15268
2409.16925
2409.14682
2409.14509
2409.14674
2409.16493
2409.14128
2409.13910
2409.16280
2409.16283
2409.13773
2409.13689
2409.16160
2409.13591
2409.12962
2409.15398
2409.15933
2409.16040
2409.15360
2409.12959
2409.15272
2409.17115
2409.15277
2409.12957
2409.14195
2409.14393
2409.12903
2409.14340
2409.14254
2409.13882
2409.13888
2409.13690
2409.13900
2409.13449
2409.13598
2409.13216
2409.13346
2409.13156
2409.17058
2409.12958
2409.12961
2409.12431
2409.12193
2409.12186
2409.15041
2409.11402
2409.11363
2409.12532
2409.12576
2409.12822
2409.12740
2409.12568
2409.11169
2409.12558
2409.12139
2409.11136
2409.12191
2409.12001
2409.10819
2409.11733
2409.10831
2409.11376
2409.11367
2409.11406
2409.10516
2409.11500
2409.10309
2409.10173
2409.11340
2409.12106
2409.12192
2409.11276
2409.11393
2409.09401
2409.12183
2409.12122
2409.10923
2409.12941
2409.08353
2409.08278
2409.10568
2409.08248
2409.10594
2409.09603
2409.11564
2409.10038
2409.09214
2409.09018
2409.08831
2409.07450
2409.09213
2409.07440
2409.08615
2409.08554
2409.07129
2409.06765
2409.08425
2409.08513
2409.08947
2409.11355
2409.06703
2409.06744
2409.08272
2409.08240
2409.08264
2409.06185
2409.08239
2409.06210
2409.05865
2409.11242
2409.07452
2409.06029
2409.08857
2409.07447
2409.07314
2409.07429
2409.07441
2409.06820
2409.07012
2409.04410
2409.04269
2409.06762
2409.04234
2409.03810
2409.03753
2409.06666
2409.03752
2409.06595
2409.03643
2409.03525
2409.03718
2409.06277
2409.06062
2409.05862
2409.05840
2409.02634
2409.05806
2409.05177
2409.05591
2409.05162
2409.04828
2409.02095
2409.02097
2409.01944
2409.01704
2409.04081
2409.04196
2409.04005
2409.04057
2409.03512
2409.03420
2409.00729
2409.02897
2409.02889
2409.02813
2409.02877
2409.02326
2409.06656
2409.02245
2409.03137
2409.02078
2409.02076
2409.01437
2409.04109
2409.01071
2409.01357
2409.01055
2409.02060
2408.17267
2408.16767
2409.02795
2409.01083
2408.15993
2409.00391
2408.15998
2409.00447
2409.00587
2408.15827
2408.16444
2408.16357
2409.01199
2408.16725
2408.15666
2408.15708
2408.15664
2408.15518
2408.16176
2409.00588
2408.16766
2408.16768
2408.16293
2408.15980
2408.14886
2408.16672
2408.14819
2408.15914
2408.15710
2408.14717
2408.14765
2409.00492
2408.14468
2408.14307
2408.15881
2408.14236
2408.13467
2408.13629
2408.13257
2408.14849
2408.15237
2408.14837
2408.15079
2408.14960
2408.12757
2408.16667
2408.12637
2408.12590
2408.14354
2408.13934
2408.12588
2408.12480
2408.14176
2408.14340
2408.14608
2408.12430
2408.13359
2408.13252
2408.13239
2408.11915
2408.12894
2408.11796
2408.11812
2408.12885
2408.16532
2408.12601
2408.12570
2408.11457
2408.12857
2408.15545
2408.12569
2408.12528
2408.12503
2408.11049
2408.11039
2408.12599
2408.10914
2408.12076
2408.12245
2408.12418
2408.10161
2408.11878
2408.10188
2408.10088
2408.11721
2408.11247
2408.11318
2408.11475
2408.09174
2408.11237
2408.11054
2408.10998
2408.11048
2408.08946
2408.08332
2408.08656
2408.10945
2408.10764
2408.10487
2408.10195
2408.09574
2408.09739
2408.10119
2408.08872
2408.09085
2408.10635
2408.09000
2408.08459
2408.08313
2408.08172
2408.07978
2408.08291
2408.08274
2408.08189
2408.07416
2408.08201
2408.06793
2408.06195
2408.06663
2408.07116
2408.08152
2408.07931
2408.06292
2408.06070
2408.07540
2408.07990
2408.08019
2408.05948
2408.05346
2408.05492
2408.05211
2408.05147
2408.06693
2408.06506
2408.07547
2408.05101
2408.04840
2408.06697
2408.07246
2408.04637
2408.04682
2408.04567
2408.07888
2408.06273
2408.07060
2408.06190
2408.06142
2408.06281
2408.06019
2408.03923
2408.05939
2408.03588
2408.05928
2408.05205
2408.03325
2408.04785
2408.05086
2408.03274
2408.04631
2408.03209
2408.04614
2408.02816
2408.04594
2408.02752
2408.04284
2408.04303
2408.02622
2408.03827
2408.03910
2408.03822
2408.03906
2408.01605
2408.01584
2408.03314
2408.03326
2408.03256
2408.01050
2408.00762
2408.02900
2408.00754
2408.02666
2408.00714
2408.02555
2408.02600
2408.02442
2408.02210
2408.00118
2408.00298
2408.00205
2408.01800
2408.01708
2408.00103
2407.21787
2408.02085
2408.04708
2408.01337
2408.00765
2408.00874
2408.01291
2408.00760
2407.21017
2408.00735
2408.00380
2408.00397
2407.20729
2407.20445
2408.00203
2407.21794
2408.00113
2407.21686
2407.21772
2407.21721
2407.21705
2407.21630
2407.21530
2407.21075
2407.21139
2407.21049
2407.20750
2407.20798
2407.21018
2407.20743
2407.20581
2407.20455
2407.21646
2407.19594
2407.20020
2408.00167
2407.19985
2407.19474
2407.19669
2407.18946
2407.20229
2408.00458
2407.20183
2407.18147
2407.17789
2407.18121
2407.18054
2407.20179
2407.18902
2407.19584
2407.18908
2407.17490
2407.20060
2407.17438
2407.19672
2407.19795
2407.19918
2407.16741
2407.18559
2407.16674
2407.19835
2407.20267
2407.16637
2407.18248
2407.18424
2408.02226
2407.16224
2407.16198
2407.18129
2407.16154
2407.17773
2407.15842
2407.17722
2407.15642
2407.18961
2407.15337
2407.15447
2407.19593
2407.17387
2407.17453
2407.17227
2407.17398
2407.14985
2407.16680
2407.16607
2407.14679
2407.14482
2407.14507
2407.15711
2407.14358
2407.14329
2407.14257
2407.14177
2407.15754
2407.14207
2407.15272
2407.14138
2407.14057
2407.15233
2407.13976
2407.15002
2407.20438
2407.13759
2407.14958
2407.13301
2407.13035
2407.12705
2407.14435
2407.14402
2407.14505
2407.16982
2407.12580
2407.13833
2407.13764
2407.14622
2407.13638
2407.13244
2407.13766
2407.13709
2407.13623
2407.13168
2407.12854
2407.12781
2407.12077
2407.12043
2407.12982
2407.12679
2407.12784
2407.12594
2407.12435
2407.12563
2407.12306
2407.11963
2407.11854
2407.14561
2407.15060
2407.11784
2407.10957
2407.11793
2407.11966
2407.11895
2407.11828
2407.11691
2407.10671
2407.11633
2407.10960
2407.11282
2407.10969
2407.11005
2407.10759
2407.11144
2407.09276
2407.10817
2407.11522
2407.10910
2407.10827
2407.09025
2407.11398
2407.10718
2407.09012
2407.11239
2407.11062
2407.10387
2407.08737
2407.09732
2407.10058
2407.08713
2407.10362
2407.10953
2407.10424
2407.09450
2407.08551
2407.08608
2407.09298
2407.09413
2407.09388
2407.08447
2407.08303
2407.08348
2407.09121
2407.09252
2407.07895
2407.07874
2407.09018
2407.07726
2407.07464
2407.08739
2407.07315
2407.08892
2407.08711
2407.08683
2407.08726
2407.07053
2407.09435
2407.08642
2407.08583
2407.08680
2407.08296
2407.06188
2407.06191
2407.08250
2407.07860
2407.07667
2407.07565
2407.07788
2407.07523
2407.06071
2407.07071
2407.05015
2407.04952
2407.07061
2407.06946
2407.06533
2407.06483
2407.06358
2407.06460
2407.04620
2407.06723
2407.04604
2407.06324
2407.06192
2407.04051
2407.06135
2407.03658
2407.03618
2407.06182
2407.05700
2407.05463
2407.05282
2407.03320
2407.03169
2407.04842
2407.04693
2407.04797
2407.04622
2407.03963
2407.04020
2407.03651
2407.11298
2407.03321
2407.03418
2407.03502
2407.02869
2407.02518
2407.00782
2407.00468
2407.00788
2407.02490
2407.03203
2407.01494
2407.01284
2407.00320
2407.00367
2407.00837
2407.01791
2406.20094
2407.00106
2407.01449
2406.20086
2407.01272
2406.19997
2407.02392
2407.01489
2406.19999
2406.19707
2407.01470
2406.19566
2407.02489
2406.19380
2407.01509
2407.02371
2407.01370
2406.19320
2407.01231
2407.00111
2406.19251
2407.00617
2406.19223
2406.19215
2407.00114
2407.00088
2407.00079
2406.20087
2406.19888
2407.01920
2406.19741
2406.19774
2406.18510
2406.19568
2406.18495
2406.19389
2406.19395
2406.19280
2406.18082
2406.19227
2406.19263
2406.19238
2406.17720
2406.20085
2406.17588
2406.19226
2406.20076
2406.18790
2406.18820
2406.17419
2406.18682
2406.17245
2406.18532
2406.18522
2406.16852
2406.18516
2406.18629
2406.18120
2406.18219
2406.16772
2406.18009
2406.17770
2406.17758
2406.17763
2406.18462
2406.17636
2407.00121
2406.16341
2406.17557
2406.20095
2406.16008
2406.16845
2406.17563
2406.15786
2407.00402
2406.16793
2406.15319
2406.16829
2406.16714
2406.16768
2406.17660
2406.16758
2406.15252
2406.14909
2406.15193
2406.16747
2406.16273
2406.16260
2406.14833
2406.16338
2406.16254
2406.14599
2406.16235
2406.15927
2406.14540
2406.14491
2406.16678
2406.15877
2406.15718
2406.15704
2406.15334
2406.15339
2406.14972
2406.14764
2406.14544
2406.14596
2406.14515
2406.14852
2406.14539
2406.14393
2406.16377
2406.13621
2406.12814
2406.12673
2406.12793
2406.12849
2406.13542
2406.14319
2406.14130
2406.13144
2406.13923
2406.12618
2406.12644
2406.12624
2406.12246
2406.12742
2406.13236
2406.12824
2406.12056
2406.12034
2406.12311
2406.12459
2406.11939
2406.11912
2406.11896
2406.11839
2406.12925
2406.11833
2406.13527
2406.11832
2406.13632
2406.11813
2406.11816
2406.11817
2406.12209
2406.12274
2406.13897
2406.12168
2406.12275
2406.12066
2406.11768
2406.12050
2406.13393
2406.12031
2406.11931
2406.13457
2406.11695
2406.11617
2406.11654
2406.11612
2406.11909
2406.11289
2406.11251
2406.11927
2406.11271
2406.11196
2406.11139
2406.10996
2406.10670
2406.11827
2406.10522
2406.10601
2406.10328
2406.11811
2406.11801
2406.11687
2406.11715
2406.10324
2406.11614
2406.11403
2406.10208
2406.11431
2406.11463
2406.10111
2406.11230
2406.11069
2406.10721
2406.10803
2406.10023
2406.12023
2406.10615
2406.10325
2406.10223
2406.10227
2406.10163
2406.10209
2406.09413
2406.10149
2406.09403
2406.09756
2406.09371
2406.10126
2406.09305
2406.09297
2406.09308
2406.09443
2406.09676
2406.11402
2406.09414
2406.09455
2406.09617
2406.09415
2406.09648
2406.09412
2406.09411
2406.09559
2406.09760
2406.09358
2406.09406
2406.09356
2406.10118
2406.09162
2406.08659
2406.08478
2406.08656
2406.09416
2406.08552
2406.08085
2406.08973
2406.07792
2406.08392
2406.09170
2406.07882
2406.09246
2406.07550
2406.07546
2406.09279
2406.07522
2406.08657
2406.07394
2406.07457
2406.07496
2406.08587
2406.06911
2406.07188
2406.08545
2406.08598
2406.07904
2406.06612
2406.08464
2406.08414
2406.08451
2406.07739
2406.08673
2406.07835
2406.08407
2406.07686
2406.06525
2406.07520
2406.07476
2406.06523
2406.06282
2406.06133
2406.07933
2406.05967
2406.06040
2406.06834
2406.05814
2406.05370
2406.05629
2406.06563
2406.06527
2406.09961
2406.06608
2406.06474
2406.07524
2406.04692
2406.04523
2406.06487
2406.06263
2406.06467
2406.06216
2406.06316
2406.05955
2406.04325
2406.05981
2406.04333
2406.04329
2406.05768
2406.04314
2406.05649
2406.05074
2406.05132
2406.04770
2406.04106
2406.03881
2406.03620
2406.04744
2406.03344
2406.04594
2406.04520
2406.02900
2406.04485
2406.03243
2406.04370
2406.04338
2406.04334
2406.02886
2406.02523
2406.02884
2406.02789
2406.04277
2406.04268
2406.04127
2406.04093
2406.02416
2406.02652
2406.03184
2406.06469
2406.01014
2406.03215
2406.00153
2406.00633
2406.02897
2406.00856
2405.21075
2406.01574
2406.02539
2406.02511
2406.02856
2406.02509
2406.02657
2406.00888
2406.02230
2406.00392
2406.02430
2405.20340
2406.00899
2406.01660
2405.20222
2406.04324
2405.20216
2405.19773
2405.18669
2406.00977
2405.18750
2406.04496
2405.19707
2405.20335
2405.19957
2405.18426
2405.20674
2405.20541
2405.19532
2405.19888
2405.18392
2405.19325
2405.18870
2405.20327
2405.17430
2405.18609
2405.17220
2405.17414
2405.17428
2406.05347
2405.19320
2405.18386
2405.15753
2405.15738
2405.19327
2405.20289
2405.19893
2405.18503
2405.18377
2405.15574
2405.15722
2405.18515
2405.15223
2405.17405
2405.15071
2405.17258
2405.14979
2405.17247
2405.17399
2405.14867
2405.16712
2405.16537
2405.14847
2405.16759
2405.16822
2405.16852
2405.13865
2405.15757
2405.15682
2405.15199
2405.15032
2405.15028
2405.12399
2405.14908
2405.12213
2405.14860
2405.14866
2405.15125
2405.14598
2405.14333
2405.14129
2405.14224
2405.13817
2405.15613
2405.13800
2405.13226
2405.13195
2405.13729
2405.09818
2405.12981
2405.10637
2405.10626
2405.10725
2405.12978
2405.12250
2405.12107
2405.11850
2405.11143
2405.11473
2405.08317
2405.13874
2405.11157
2405.11252
2405.08748
2405.08054
2405.09215
2405.07719
2405.10370
2405.10320
2405.10314
2405.13194
2405.05374
2405.10300
2405.04434
2405.03162
2405.11582
2405.09673
2405.09798
2405.09062
2405.07990
2405.08246
2405.09546
2405.07526
2405.06932
2405.08448
2405.07518
2405.06694
2405.07863
2405.07065
2405.08344
2405.05329
2405.06650
2405.04520
2405.03889
2405.04324
2405.00332
2405.03547
2405.01470
2405.02246
2404.19756
2404.18911
2405.00664
2405.01536
2405.01481
2405.00732
2405.01434
2404.18212
2404.18243
2404.17521
2405.00236
2405.01535
2404.16790
2405.12130
2405.00233
2404.19759
2405.00675
2404.16035
2404.19733
2405.01525
2404.16022
2404.19149
2404.19752
2404.17672
2404.18796
2404.18416
2404.15449
2404.16994
2405.00676
2404.16873
2404.16845
2404.15653
2404.15045
2404.14687
2404.16821
2404.16811
2404.14469
2404.16771
2404.14219
2404.16710
2404.13013
2404.12833
2404.16645
2404.16510
2404.16251
2404.12387
2404.16030
2404.12547
2404.15778
2404.15308
2404.15420
2404.14619
2404.11614
2404.14396
2404.13358
2404.13208
2404.14351
2404.13686
2404.14405
2404.13050
2404.13026
2404.12872
2404.09956
2404.09937
2404.12385
2404.12728
2404.12347
2404.09173
2404.08856
2404.11912
2404.11925
2404.12253
2404.11565
2404.10301
2404.07973
2404.07904
2404.11018
2404.10179
2404.09995
2404.07503
2404.07413
2404.09967
2404.09204
2404.08801
2404.08660
2404.06910
2404.08540
2404.07987
2404.08197
2404.08168
2404.07839
2404.07965
2404.07821
2404.07616
2404.07387
2404.07204
2404.07199
2404.09458
2404.07191
2404.06903
2404.06654
2404.07448
2404.04526
2404.04478
2404.05961
2404.04346
2404.04421
2404.06512
2404.09656
2404.06429
2404.06430
2404.05829
2404.05993
2404.06209
2404.06212
2404.03566
2404.05726
2404.05590
2404.03413
2404.05902
2404.06091
2404.05014
2404.04204
2404.03118
2404.02905
2404.04211
2404.05875
2404.02883
2404.05595
2404.02733
2404.02258
2404.03653
2404.06109
2404.03673
2404.06393
2404.02078
2404.04167
2404.03648
2404.02125
2404.04544
2404.05666
2404.03683
2404.04319
2404.01626
2404.03626
2404.01367
2404.01331
2404.03543
2404.00656
2404.00570
2404.03204
2404.02893
2404.03085
2404.00345
2403.20327
2404.02747
2403.20275
2403.19888
2404.02101
2403.19887
2404.02060
2404.01744
2404.01856
2403.19319
2403.19270
2404.01297
2403.18816
2404.01143
2404.06507
2403.18814
2404.01954
2403.18118
2403.18286
2403.18421
2404.00399
2404.00308
2403.17888
2403.17887
2403.20309
2403.20329
2403.17237
2403.17297
2403.16627
2403.16244
2403.16971
2403.19851
2403.19655
2403.18978
2403.18605
2403.18795
2403.18361
2403.14624
2403.17898
2403.14621
2403.14602
2403.17694
2403.17005
2403.17008
2403.17607
2403.16990
2403.15371
2403.15382
2403.15383
2403.15246
2403.15042
2403.15157
2403.14870
2403.15377
2403.14781
2403.14714
2403.14773
2403.14611
2403.14613
2403.14614
2404.04860
2403.14520
2403.14554
2403.14467
2403.14186
2403.13839
2403.13788
2403.13447
2403.13535
2403.14438
2403.14468
2403.15360
2403.14148
2403.13802
2403.12422
2403.13524
2403.12032
2403.18818
2403.13777
2403.12019
2403.13043
2403.12959
2403.13044
2403.12895
2403.13799
2403.12943
2403.11703
2403.13187
2403.13745
2403.13064
2403.10704
2403.10517
2403.10519
2403.10616
2403.12706
2403.13787
2403.12957
2403.12544
2403.09977
2403.12881
2403.09631
2403.09919
2403.09530
2403.13806
2403.12963
2403.09347
2403.09334
2403.13372
2403.12968
2403.12034
2403.12015
2403.13248
2403.11207
2403.10493
2403.10131
2403.09704
2403.10242
2403.09981
2403.09626
2403.07918
2403.09394
2403.09055
2403.09193
2403.06977
2403.06775
2403.06738
2403.08629
2403.08295
2403.08764
2403.08540
2403.08551
2403.07974
2403.08002
2403.05121
2403.05185
2403.07816
2403.05034
2403.04746
2403.04732
2403.07563
2403.07750
2403.04692
2403.06789
2403.07128
2403.07420
2403.07487
2403.04132
2403.04652
2403.07508
2403.06764
2403.03870
2403.12173
2403.03853
2403.06807
2403.06321
2403.06098
2403.03100
2403.03003
2403.02775
2403.02677
2403.05525
2403.02545
2403.02626
2403.09333
2403.05135
2403.02151
2403.02338
2403.02310
2403.03956
2403.03883
2403.04116
2403.04642
2403.03234
2403.03206
2403.03507
2403.02884
2403.07815
2403.02827
2403.02709
2403.02084
2403.04437
2403.01487
2403.05812
2403.03950
2403.01807
2403.00483
2402.17723
2402.17764
2402.17753
2402.19479
2403.01081
2403.01422
2403.01800
2403.01779
2402.19173
2403.00818
2402.17152
2403.00504
2402.19427
2402.16840
2402.19481
2402.16819
2402.16641
2403.00071
2402.16153
2402.15627
2402.17553
2402.18734
2403.00522
2402.17245
2402.17834
2402.15504
2402.17485
2402.19469
2402.17403
2402.15000
2402.17139
2402.16936
2402.17177
2402.14818
2402.16843
2402.17193
2402.14795
2402.14650
2402.16040
2403.04706
2402.14590
2402.14261
2402.14194
2402.15506
2403.00745
2402.15491
2402.15391
2402.15021
2402.13929
2402.13763
2402.14848
2402.14830
2402.13598
2402.13616
2402.13252
2402.14658
2402.13249
2402.13250
2402.13217
2402.13220
2402.14289
2402.14207
2402.14253
2402.18668
2402.14547
2402.14180
2402.12659
2402.12226
2402.14083
2402.14086
2402.13753
2402.14034
2402.12219
2402.14017
2402.15319
2402.13349
2402.13144
2402.10644
2402.13232
2402.13064
2402.13251
2402.10524
2402.10329
2402.12847
2402.10491
2402.12908
2402.12376
2402.12365
2402.10200
2402.11929
2402.11907
2402.11550
2402.19159
2402.09812
2402.09906
2402.10790
2402.13516
2402.10963
2402.11131
2402.08939
2402.10379
2402.10466
2402.10211
2402.10193
2402.12225
2402.10009
2402.10128
2402.09368
2402.09470
2402.09711
2402.09126
2402.11295
2402.14797
2402.13043
2402.08797
2402.07865
2402.08268
2402.07598
2402.07871
2402.07383
2402.06859
2402.07033
2402.08017
2402.08170
2402.07876
2402.06187
2402.08420
2402.06155
2402.10896
2402.08530
2402.06088
2402.06102
2402.05932
2402.08609
2402.05929
2402.10986
2402.05755
2402.07625
2402.07207
2402.05672
2402.08164
2402.06178
2402.04825
2402.05120
2402.06118
2402.06149
2402.06147
2402.04362
2402.04347
2402.06071
2402.07939
2402.05930
2402.04324
2402.05878
2402.04236
2402.05861
2402.07043
2402.05235
2402.03216
2402.03300
2402.03620
2402.05140
2402.03162
2402.05099
2402.04858
2402.04744
2402.04379
2402.04494
2402.04792
2402.04615
2402.02216
2402.01935
2402.01771
2402.04177
2402.01739
2402.01704
2402.01622
2402.04291
2402.01662
2402.03944
2402.01306
2402.00838
2402.03570
2402.02834
2402.02592
2402.03161
2402.02791
2402.02285
2402.04396
2402.01878
2402.02057
2402.05369
2402.01825
2402.01761
2402.01831
2402.01566
2402.01613
2401.18059
2402.01118
2402.01093
2401.17807
2401.17574
2401.17270
2402.00892
2402.01030
2402.01032
2402.00742
2402.00340
2402.00396
2402.00351
2401.17377
2401.18075
2401.17583
2401.17230
2401.17264
2401.17053
2401.16677
2401.14645
2401.15077
2401.16861
2401.16818
2401.16380
2401.16465
2401.16468
2401.14688
2401.15232
2401.14404
2401.14673
2401.16013
2401.16467
2401.14112
2401.13795
2401.13919
2401.13601
2401.13627
2402.00858
2401.14549
2401.12789
2401.14489
2401.14953
2401.15914
2401.15708
2401.14828
2401.12175
2401.14398
2401.14367
2401.12070
2401.13667
2401.13660
2401.12954
2401.11605
2401.13160
2401.11067
2401.13974
2401.13311
2401.11002
2401.12979
2401.12503
2401.12963
2401.12945
2401.12522
2401.10774
2401.12246
2401.10241
2401.10404
2401.12244
2401.10225
2401.12202
2401.09985
2401.12179
2401.09417
2401.09603
2401.09670
2401.09084
2401.09048
2401.08740
2401.08671
2401.11708
2401.10889
2401.10838
2401.11053
2401.10831
2401.07004
2401.10891
2401.10020
2401.10061
2401.06121
2401.09419
2401.06104
2401.10171
2401.06071
2401.06066
2401.05675
2401.08565
2401.05749
2401.05566
2401.05335
2401.06209
2401.10815
2401.06129
2401.05252
2401.06127
2401.04925
2401.09340
2401.04081
2401.05735
2401.05654
2401.05583
2401.02954
2401.06080
2401.05133
2401.05561
2401.02677
2401.04092
2401.04398
2401.04718
2401.03506
2401.03462
2401.08417
2401.02957
2401.02994
2401.03065
2401.02955
2401.02416
2401.02669
2401.03955
2401.02415
2401.02412
2401.01808
2401.05033
2401.02117
2401.01952
2401.02385
2401.02038
2401.01827
2401.02330
2401.01970
2401.01325
2401.01286
2401.00788
2401.01885
2401.01173
2401.01862
2401.01614
2401.00246
2401.00935
2401.03003
2401.01854
2401.00849
2401.00909
2401.00896
2401.02015
2401.01461
2401.01256
2312.17161
2312.17142
2401.01117
2401.01699
2401.00908
2401.02411
2312.16693
2312.16720
2401.00110
2401.00368
2401.00448
2401.02400
2312.17742
2312.16256
2312.16218
2312.16084
2312.17653
2312.17279
2312.15821
2312.15918
2312.15258
2312.14929
2312.17172
2312.17244
2312.17241
2312.17135
2312.14238
2312.14239
2312.16862
2312.17120
2312.14203
2312.16886
2312.16272
2312.16171
2312.16457
2312.16812
2312.15796
2312.15430
2312.13964
2312.15166
2312.14862
2312.13789
2312.15770
2312.14591
2312.15715
2312.13469
2401.00434
2312.14385
2312.14820
2312.14233
2312.14206
2312.14187
2312.12490
2312.12487
2312.14125
2312.14302
2312.13913
2312.14115
2312.14132
2312.11897
2312.11894
2312.13401
2312.13286
2312.13150
2312.13285
2312.13102
2312.12682
2312.12742
2312.12468
2312.12456
2312.12433
2312.12111
2312.13691
2312.12450
2312.11595
2312.11537
2312.10253
2312.11666
2312.10656
2312.10007
2312.11535
2312.10332
2312.09767
2312.11459
2312.09911
2312.11370
2312.09323
2312.09244
2312.10035
2312.10899
2312.11539
2312.11514
2312.11556
2312.09187
2312.10763
2312.10665
2312.11532
2312.09067
2312.09571
2312.11461
2312.10034
2312.10240
2312.09579
2312.10523
2312.09390
2312.09299
2312.08361
2312.09305
2312.08914
2312.07661
2312.07843
2312.08344
2312.07533
2312.07537
2312.09222
2312.07532
2312.07409
2312.07358
2312.06908
2312.07000
2312.07104
2312.08583
2312.08618
2312.06674
2312.06585
2312.08754
2312.08128
2312.07910
2312.07859
2312.06351
2312.07536
2312.05708
2312.07509
2312.05491
2312.06134
2312.07424
2312.06109
2312.07987
2312.06971
2312.04966
2312.07395
2312.07046
2312.06709
2312.07231
2312.06681
2312.04875
2312.04655
2312.11456
2312.04916
2312.04567
2312.06742
2312.04474
2312.06571
2312.06655
2312.06662
2312.06550
2312.03849
2312.05431
2312.03700
2312.05605
2312.05107
2312.03664
2312.04985
2312.05180
2312.04552
2312.04557
2312.04560
2312.04433
2312.08885
2312.03814
2312.03701
2312.03632
2312.03641
2312.04556
2312.04963
2312.03611
2312.02179
2312.03209
2312.02201
2312.03079
2312.03029
2312.03587
2312.02432
2312.02149
2312.02980
2312.02949
2312.02216
2312.03584
2312.02974
2312.02116
2312.03047
2312.02919
2312.02772
2312.03511
2312.02087
2312.02969
2312.02120
2312.00869
2312.02928
2312.02931
2312.02135
2312.02147
2312.00849
2312.02238
2312.02206
2312.00886
2312.02139
2312.00763
2312.00752
2312.00451
2312.00210
2312.00085
2312.02663
2312.00063
2311.18257
2312.00860
2312.02981
2312.00858
2312.00738
2312.00598
2312.00589
2311.16974
2312.02963
2311.13435
2311.18832
2311.18743
2311.13384
2312.00093
2311.18677
2312.01037
2311.17932
2311.17894
2311.17049
2311.15980
2311.13668
2311.13600
2311.12631
2311.12775
2311.12198
2311.11922
2311.12229
2311.12052
2311.11255
2311.10794
2311.10751
2311.10709
2311.10126
2311.08469
2311.10538
2311.09213
2311.10090
2311.08105
2311.10093
2311.08263
2311.07919
2311.09835
2311.09204
2311.09613
2311.10122
2311.08527
2311.07989
2311.05997
2311.06214
2311.09180
2311.05698
2311.07574
2311.04934
2311.07463
2311.04589
2311.06753
2311.04400
2311.06243
2311.03285
2311.05657
2311.05348
2311.05661
2311.04498
2311.01282
2311.04235
2311.03739
2311.00176
2311.03583
2311.03301
2311.02805
2311.02103
2311.02262
2311.01070
2310.20587
2310.20092
2310.20216
2310.19956
2310.19102
2310.18628
2310.20689
2310.17994
2310.17796
2310.16828
2310.18313
2310.17022
2310.16789
2310.17631
2310.15123
2310.15130
2310.16450
2310.13798
2310.17722
2310.13671
2310.16226
2310.16045
2310.13127
2310.13289
2310.13332
2310.15308
2310.13017
2310.13772
2310.15494
2310.11784
2310.13724
2310.13522
2310.13548
2310.11511
2310.13385
2310.13227
2310.10638
2310.10688
2310.10631
2310.12945
2310.09520
2310.12931
2310.12404
2310.12921
2310.09254
2310.08659
2310.08185
2310.06825
2310.06830
2310.09424
2310.06347
2310.06770
2310.09199
2310.05737
2310.08715
2310.08678
2310.11440
2310.03744
2310.08992
2310.08529
2310.07338
2310.03716
2310.08491
2310.14566
2310.01889
2310.06117
2310.04859
2310.05344
2310.04621
2310.06114
2310.08588
2310.04612
2310.03046
2310.03720
2310.04564
2310.03051
2310.01798
2310.01714
2310.02932
2310.01557
2310.04854
2310.01377
2310.00898
2309.16671
2310.00867
2310.01405
2309.16668
2309.16583
2309.17453
2309.16496
2309.16643
2309.16414
2309.16609
2309.15251
2309.16588
2309.16653
2309.15223
2309.15273
2309.16585
2309.13952
2309.15818
2309.13018
2309.14525
2309.12307
2309.16036
2309.15129
2309.11998
2309.11568
2310.00793
2310.00098
2309.14327
2309.11523
2309.14592
2309.14642
2309.10917
2309.10668
2309.10537
2309.16058
2309.15217
2309.10279
2309.13042
2309.10150
2309.13075
2309.09530
2309.14717
2309.12499
2309.11500
2309.12284
2309.12311
2309.08963
2309.11499
2309.11419
2309.10818
2309.11009
2309.08532
2309.08051
2309.09971
2309.07990
2309.10305
2309.09506
2309.10202
2309.08999
2309.07045
2309.08628
2309.08637
2309.08586
2309.08105
2309.08172
2309.06380
2309.05767
2309.08587
2309.05519
2309.07870
2309.05516
2309.07430
2309.07906
2309.06933
2309.06657
2309.03883
2309.03409
2309.03179
2309.03852
2309.05858
2309.01700
2309.02561
2309.02119
2309.03453
2309.01770
2308.16876
2309.00267
2309.03160
2309.03199
2309.03315
2308.16891
2308.16884
2308.08316
2308.13137
2308.16512
2308.16137
2308.16458
2308.16848
2309.00359
2309.00779
2309.00071
2308.06873
2308.06595
2308.12038
2308.14089
2308.07931
2308.07922
2308.05734
2308.07926
2308.07317
2308.07124
2308.06259
2308.06261
2308.03279
2308.02669
2308.04729
2308.16149
2308.03793
2308.03825
2308.04265
2308.04430
2308.03421
2308.03735
2308.03427
2308.03729
2308.02490
2308.03688
2308.00951
2308.01313
2307.15593
2307.16789
2307.15017
2308.00304
2307.13854
2308.00566
2307.16890
2307.16368
2307.16184
2307.15337
2307.15780
2307.12533
2307.14995
2307.14117
2308.01399
2308.02151
2307.13269
2307.16449
2307.09638
2307.12169
2307.12950
2307.12976
2307.11410
2307.10928
2307.10907
2307.10558
2307.16888
2307.10168
2307.10172
2307.05695
2307.06290
2307.06945
2307.05959
2307.08506
2307.07635
2307.07047
2307.07218
2307.06949
2307.06942
2307.04725
2307.07164
2307.09233
2307.04577
2307.05741
2307.04008
2307.06350
2307.05591
2307.05454
2307.05462
2307.06857
2307.05473
2307.11088
2307.05445
2307.05300
2307.05222
2307.05014
2307.04767
2307.04751
2307.04686
2307.04087
2307.03869
2307.03692
2307.03659
2307.02499
2307.03322
2307.03601
2307.01831
2307.01952
2307.03183
2307.03170
2307.02768
2307.02628
2306.17840
2307.02053
2307.02179
2306.17563
2307.00804
2307.01097
2307.01938
2307.01163
2306.17154
2306.17115
2307.01200
2307.01848
2307.01229
2307.00522
2307.01197
2306.16940
2306.16928
2307.00184
2307.03381
2307.00119
2307.03166
2306.17806
2307.00040
2306.15724
2306.16009
2306.15658
2306.15595
2307.00149
2306.15128
2306.15447
2306.17492
2306.14896
2306.14565
2306.17319
2306.14289
2306.16793
2306.16601
2306.16857
2306.16388
2306.16410
2306.16772
2307.02484
2306.16700
2306.16564
2306.16869
2306.13840
2306.15667
2306.13776
2306.15400
2306.13649
2306.15091
2306.14892
2306.14435
2307.03576
2306.14447
2306.14101
2306.12156
2306.14066
2306.12925
2306.14048
2306.10968
2306.10533
2306.17759
2306.10169
2306.13754
2306.13651
2306.10012
2306.13588
2306.13575
2306.13421
2306.09683
2306.11932
2306.13063
2306.12059
2306.09479
2306.09442
2306.11987
2306.11565
2306.11247
2306.11706
2306.10785
2306.11698
2306.10231
2306.10008
2306.10007
2306.09864
2306.09782
2306.09557
2306.09364
2306.12509
2306.10998
2306.09200
2306.09348
2306.09329
2306.09327
2306.09322
2306.09093
2306.08568
2306.08543
2306.07944
2306.07968
2306.07473
2306.07476
2306.08121
2306.07279
2306.07174
2306.08055
2306.07952
2306.08068
2306.08640
2306.06070
2306.07552
2306.07906
2306.07629
2306.05685
2306.07536
2306.07437
2306.07349
2306.07280
2306.08647
2306.07179
2306.06823
2306.08893
2306.06638
2306.04845
2306.08620
2306.07969
2306.07042
2306.04757
2306.04528
2306.05836
2306.07941
2306.03872
2306.05424
2306.03438
2306.07196
2306.03092
2306.05411
2306.06189
2306.01923
2306.04050
2306.01337
2306.03819
2306.00980
2306.00978
2306.02982
2306.02531
2306.02561
2305.20082
2306.00971
2306.00238
2306.00107
2306.00029
2306.00008
2305.20030
2305.18365
2305.18766
2305.17493
2305.18290
2305.19472
2305.18295
2305.16291
2305.15798
2305.15586
2305.17390
2305.17126
2305.16867
2305.16958
2305.13301
2305.16635
2305.13245
2305.16311
2305.15581
2305.13840
2305.11541
2305.12050
2305.12057
2305.13035
2305.11171
2305.11854
2305.10973
2305.10912
2305.11624
2305.17333
2305.11308
2305.17098
2305.10841
2305.10601
2305.10764
2305.10874
2305.08845
2305.10722
2305.08379
2305.07490
2305.08891
2305.10474
2305.08809
2305.07015
2305.06500
2305.06575
2305.08677
2305.08275
2305.05920
2305.06594
2305.06424
2305.06131
2305.04388
2305.05862
2305.05658
2305.05644
2305.06161
2305.05084
2305.03509
2305.09781
2305.04790
2305.04391
2305.02483
2305.02549
2304.08485
2305.03514
2304.07193
2304.05977
2303.11366
2305.02309
2303.08774
2303.08112
2303.05499
2305.03047
2304.01196
2304.01982
2303.16199
2303.17568
2303.06865
2305.02678
2303.00807
2302.05543
2303.00915
2301.12597
2212.10529
2302.10149
2211.10438
2211.05100
2212.07143
2211.16780
2211.12588
2212.08057
2209.00840
2206.04615
2205.13147
2205.10652
2108.06152
2106.09685
2010.11929
2005.11401
1911.01547
1910.10683
1908.10084
1810.04805
1803.03635
1706.03762
1608.00060
1412.6980
1505.04597
