0401001
1003.0146
1009.6382
1104.3276
1105.3107
1105.8907
1107.0017
1111.2635
1111.7295
1112.6209
1204.4894
1204.6211
1206.3298
1207.2189
1207.4708
1208.4802
1209.0277
1209.2137
1211.3208
1212.1442
1212.5701
1301.3781
1302.4389
1302.4949
1302.6816
1304.1114
1304.3091
1304.7367
1307.4164
1308.0850
1309.4168
1310.4546
1310.6084
1310.8733
1311.2524
1311.2901
1312.4314
1312.5602
1312.6114
1312.6120
1312.6199
1312.6229
1402.3722
1403.6652
1404.7530
1405.0312
1405.4053
1406.1078
1406.2661
1406.3722
1406.4729
1408.5093
1408.5882
1409.0473
1409.0575
1409.1259
1409.1556
1409.3215
1409.4842
1410.3916
1410.5401
1410.8043
1411.1784
1411.1792
1411.4038
1411.4555
1411.5595
1412.1897
1412.3555
1412.6572
1412.6623
1412.6980
1502.01852
1502.03044
1502.03167
1502.03492
1502.04623
1502.05477
1503.00075
1503.02531
1503.03578
1503.03832
1504.00702
1504.04909
1504.08083
1505.00387
1505.04597
1506.01497
1506.02025
1506.02626
1506.02640
1506.03099
1506.03134
1506.03365
1508.02439
1508.04025
1508.06576
1508.07909
1509.00519
1509.01626
1509.02971
1509.06461
1510.00149
1510.03055
1510.05484
1510.08484
1511.00363
1511.02283
1511.05101
1511.05644
1511.05952
1511.06038
1511.06434
1511.06581
1511.09207
1511.7983
1512.00567
1512.01274
1512.03385
1512.09300
1601.00670
1602.01528
1602.01783
1602.02215
1602.02830
1602.04921
1602.04938
1602.05629
1602.06709
1602.07360
1603.02754
1603.04467
1603.05027
1603.05279
1603.07185
1603.09320
1604.00126
1604.00727
1605.00500
1605.01397
1605.02019
1605.08695
1606.01540
1606.03137
1606.03476
1606.03667
1606.06031
1606.06565
1606.07792
1606.08415
1607.00133
1607.00653
1607.01759
1607.04606
1607.04683
1607.06450
1607.08022
1608.00060
1608.00272
1608.06993
1608.08710
1609.02907
1609.03499
1609.03511
1609.08144
1609.09106
1609.09270
1610.01644
1610.05256
1610.08088
1611.01578
1611.03852
1611.05431
1611.05950
1611.05955
1611.07308
1611.07718
1612.00005
1612.00593
1612.03079
1612.03144
1612.03651
1612.03928
1612.2528
1701.06538
1701.07875
1702.00953
1702.02640
1702.05218
1702.08734
1703.00955
1703.01365
1703.01958
1703.03365
1703.03400
1703.03864
1703.05175
1703.06103
1703.06870
1703.09828
1703.09902
1703.10593
1704.00051
1704.03003
1704.04861
1704.06687
1705.03551
1705.08039
1706.02216
1706.03461
1706.03741
1706.03762
1706.05587
1706.05806
1707.04638
1707.06347
1707.07998
1708.02002
1709.01507
1710.01878
1710.02298
1710.03740
1710.09412
1710.10903
1711.00048
1711.00351
1711.00937
1711.02827
1711.05101
1711.10067
1712.00409
1712.01815
1712.05877
1712.05889
1712.06139
1801.01290
1801.03150
1801.04540
1801.06146
1802.01548
1802.01561
1802.02511
1802.03268
1802.04064
1802.04799
1802.05365
1802.05799
1802.05957
1802.06893
1802.09477
1802.10229
1803.02155
1803.03635
1803.05457
1803.07416
1803.07728
1803.08494
1803.10937
1804.01650
1804.02767
1804.06437
1804.06876
1804.07461
1804.09301
1805.06939
1806.01180
1806.01973
1806.02847
1806.03185
1806.03377
1806.03822
1806.04075
1806.06461
1806.07366
1806.07585
1806.08342
1806.09055
1807.00067
1807.01774
1807.01836
1807.03748
1807.05358
1808.05326
1808.07233
1808.09315
1809.00125
1809.02789
1809.03252
1809.05053
1809.08895
1809.11096
1810.00826
1810.03993
1810.04805
1810.05749
1810.05934
1810.06759
1810.07218
1810.09538
1810.10147
1810.12440
1811.00223
1811.00937
1811.02084
1811.06965
1811.10959
1812.02900
1812.04948
1812.05905
1901.01753
1901.02860
1901.04473
1901.07031
1901.08149
1901.09851
1902.00751
1902.01313
1903.00161
1903.05480
1904.00962
1904.03241
1904.03493
1904.06690
1904.08375
1904.08779
1904.09223
1904.09728
1904.09751
1904.10509
1905.00537
1905.01067
1905.01973
1905.03696
1905.07799
1905.07830
1905.10044
1905.10884
1905.10985
1905.11833
1905.11946
1905.12099
1905.13648
1906.00300
1906.01265
1906.01563
1906.02467
1906.06127
1906.08237
1907.05507
1907.06292
1907.06616
1907.10529
1907.10641
1907.11692
1907.12412
1907.12461
1908.01707
1908.02265
1908.02402
1908.02660
1908.03195
1908.03557
1908.04913
1908.06079
1908.06256
1908.07125
1908.07490
1908.08962
1908.10084
1909.00161
1909.01066
1909.01315
1909.01440
1909.05840
1909.05858
1909.06146
1909.06312
1909.08053
1909.08593
1909.09436
1909.10351
1909.11150
1909.11740
1909.11942
1910.01108
1910.01739
1910.02054
1910.04867
1910.06188
1910.06535
1910.07124
1910.07467
1910.07475
1910.09340
1910.09700
1910.10683
1910.11856
1910.12091
1910.13302
1910.13461
1910.14145
1911.00172
1911.00232
1911.00294
1911.00536
1911.01547
1911.02116
1911.02150
1911.03814
1911.05507
1911.05722
1911.08265
1911.11641
1911.11807
1912.01703
1912.02164
1912.02292
1912.06670
1912.07768
1912.07875
1912.08777
1912.09867
1912.13318
2001.02338
2001.04063
2001.04451
2001.08210
2001.08317
2001.08361
2002.02925
2002.04926
2002.05202
2002.05515
2002.05670
2002.05709
2002.08155
2002.08909
2002.10857
2002.10957
2003.00572
2003.04463
2003.05997
2003.08536
2003.08934
2003.10555
2003.11080
2003.13678
2004.01401
2004.03720
2004.04100
2004.04906
2004.05150
2004.06165
2004.07180
2004.08483
2004.08492
2004.09297
2004.10190
2004.12158
2004.12681
2004.12832
2004.13637
2005.00743
2005.04118
2005.04310
2005.07647
2005.08072
2005.08100
2005.11401
2005.12872
2005.14165
2006.03654
2006.03677
2006.04558
2006.04768
2006.04779
2006.05525
2006.06427
2006.07733
2006.10369
2006.11239
2006.11477
2006.13979
2006.15704
2006.16236
2006.16668
2007.00808
2007.01282
2007.03634
2007.07834
2007.10310
2007.12720
2007.12986
2007.14062
2007.15207
2007.15779
2008.00401
2008.03946
2008.12260
2009.00148
2009.01325
2009.02252
2009.03300
2009.05166
2009.06489
2009.06978
2009.08366
2009.11462
2009.13081
2009.14794
2010.00904
2010.01777
2010.02502
2010.03636
2010.04295
2010.05171
2010.06070
2010.10016
2010.10499
2010.10864
2010.11125
2010.11170
2010.11430
2010.11929
2010.11934
2010.12621
2010.12821
2010.12864
2010.13382
2010.13886
2010.14701
2010.15980
2011.01215
2012.00363
2012.03411
2012.04644
2012.07421
2012.08724
2012.09841
2012.12877
2012.14740
2012.15332
2012.15701
2012.15723
2012.15761
2101.00027
2101.00190
2101.00390
2101.00416
2101.00529
2101.03961
2101.04061
2101.06804
2101.06840
2101.07597
2101.09809
2101.11038
2101.11718
2101.11986
2101.12195
2102.01017
2102.02611
2102.03334
2102.03902
2102.05095
2102.05805
2102.05918
2102.07849
2102.07988
2102.08473
2102.08981
2102.09542
2102.09690
2102.11068
2102.12092
2102.12122
2102.12452
2103.00020
2103.01913
2103.02907
2103.03467
2103.03874
2103.05677
2103.06874
2103.06878
2103.10031
2103.10360
2103.10730
2103.12528
2103.13413
2103.14030
2103.15808
2103.16057
2104.00675
2104.01027
2104.01136
2104.02821
2104.03963
2104.04473
2104.06378
2104.06486
2104.06678
2104.07857
2104.08376
2104.08663
2104.08691
2104.08821
2104.08836
2104.08860
2104.09742
2104.09864
2104.11228
2104.11280
2104.12756
2104.14294
2104.14559
2104.15069
2105.00572
2105.01601
2105.03824
2105.04663
2105.09501
2105.13290
2105.13626
2105.15203
2106.01144
2106.01345
2106.03193
2106.03322
2106.04486
2106.04563
2106.04884
2106.05470
2106.06134
2106.06600
2106.06909
2106.07447
2106.07771
2106.08254
2106.09685
2106.10199
2106.10270
2106.14463
2106.16163
2107.03312
2107.03374
2107.05720
2107.06278
2107.07150
2107.07651
2107.07653
2107.14795
2108.01073
2108.01547
2108.03265
2108.03353
2108.06152
2108.07258
2108.07732
2108.10904
2108.11875
2108.12409
2108.12661
2108.12960
2109.00698
2109.00859
2109.01652
2109.01758
2109.02593
2109.02878
2109.04650
2109.05070
2109.06232
2109.06822
2109.06912
2109.07958
2109.08090
2109.10086
2109.10282
2109.10686
2109.10852
2109.10862
2109.11397
2109.11680
2110.00061
2110.02178
2110.03068
2110.03111
2110.03753
2110.05752
2110.06410
2110.06918
2110.07205
2110.07580
2110.08175
2110.08193
2110.08207
2110.08466
2110.08518
2110.08727
2110.09456
2110.11624
2110.13900
2110.14168
2110.14875
2110.14883
2111.01998
2111.02114
2111.06377
2111.06719
2111.08366
2111.09296
2111.09543
2111.09883
2111.09886
2111.09963
2111.10050
2111.11294
2111.11432
2111.14822
2111.15664
2112.00169
2112.00238
2112.01422
2112.01527
2112.03109
2112.04426
2112.04482
2112.05139
2112.06905
2112.07869
2112.07887
2112.08460
2112.08547
2112.08656
2112.09118
2112.09332
2112.10668
2112.10752
2112.11446
2112.14683
2201.00094
2201.02177
2201.02533
2201.02558
2201.03545
2201.06025
2201.07311
2201.08860
2201.10066
2201.11675
2201.11903
2201.12023
2201.12086
2201.12380
2202.00512
2202.01698
2202.03286
2202.03555
2202.03829
2202.05118
2202.05239
2202.05751
2202.06991
2202.07125
2202.07654
2202.08360
2202.08904
2202.08906
2202.12837
2202.13047
2203.01914
2203.02155
2203.02378
2203.02573
2203.02807
2203.03466
2203.03850
2203.04358
2203.07722
2203.08556
2203.09095
2203.09313
2203.09509
2203.09893
2203.10244
2203.11171
2203.11926
2203.12533
2203.13474
2203.14343
2203.14371
2203.14465
2203.15556
2203.17261
2204.00408
2204.00604
2204.00764
2204.01691
2204.02311
2204.02967
2204.04541
2204.04991
2204.05454
2204.05862
2204.05999
2204.06125
2204.06745
2204.07141
2204.07705
2204.08387
2204.09817
2204.09821
2204.10850
2204.14198
2204.14217
2205.01068
2205.01917
2205.02274
2205.02289
2205.04507
2205.04733
2205.05131
2205.05638
2205.06205
2205.10625
2205.10646
2205.10652
2205.11487
2205.11916
2205.12446
2205.12522
2205.12680
2205.13147
2205.14100
2205.14135
2205.16007
2206.00364
2206.01191
2206.01861
2206.02127
2206.02680
2206.03382
2206.04615
2206.04658
2206.06336
2206.07682
2206.07771
2206.10535
2206.11147
2206.11309
2206.11893
2206.11971
2206.14774
2206.15000
2207.00032
2207.01780
2207.04632
2207.07771
2207.10887
2207.11795
2207.12598
2207.13286
2207.14157
2207.14711
2208.00385
2208.02816
2208.03299
2208.05456
2208.07339
2208.07363
2208.08227
2208.09727
2208.12415
2209.00840
2209.03003
2209.03143
2209.03311
2209.04372
2209.05555
2209.06794
2209.07562
2209.07752
2209.10100
2209.11055
2209.11204
2209.11895
2209.15352
2210.00102
2210.01946
2210.02016
2210.02414
2210.02849
2210.02933
2210.03057
2210.03561
2210.03629
2210.05801
2210.06413
2210.07316
2210.07792
2210.07916
2210.08402
2210.08511
2210.09298
2210.09338
2210.09521
2210.09984
2210.10634
2210.11399
2210.11416
2210.14986
2210.15424
2210.16271
2210.16407
2210.17323
2211.01324
2211.01426
2211.01786
2211.03318
2211.05100
2211.05102
2211.06687
2211.07292
2211.09110
2211.09260
2211.10438
2211.12485
2211.12588
2211.12737
2211.13319
2211.14394
2211.14730
2211.15660
2211.17192
2212.01340
2212.01349
2212.02623
2212.04356
2212.04489
2212.04493
2212.05011
2212.06250
2212.07143
2212.07919
2212.08057
2212.08059
2212.08073
2212.08653
2212.09535
2212.09561
2212.09689
2212.09748
2212.10449
2212.10465
2212.10496
2212.10529
2212.10560
2212.10561
2212.11984
2212.14052
2301.00774
2301.00808
2301.02700
2301.03988
2301.04558
2301.05062
2301.11270
2301.11325
2301.11326
2301.12597
2301.13293
2301.13688
2301.13801
2302.00294
2302.01925
2302.04761
2302.05442
2302.05543
2302.06590
2302.08453
2302.10149
2302.10866
2302.11505
2302.11665
2302.12163
2302.12433
2302.13971
2302.14045
2303.00716
2303.00807
2303.00915
2303.01469
2303.05499
2303.06349
2303.06865
2303.08112
2303.08774
2303.09001
2303.09033
2303.10108
2303.11366
2303.12712
2303.13472
2303.14189
2303.15343
2303.15937
2303.16199
2303.17568
2303.17651
2303.18248
2304.00394
2304.01196
2304.01373
2304.01982
2304.02162
2304.02643
2304.03208
2304.03277
2304.03442
2304.05977
2304.06364
2304.06795
2304.07193
2304.07327
2304.08485
2304.09325
2304.10436
2304.10592
2304.11277
2304.13134
2304.14108
2305.01521
2305.02309
2305.02440
2305.02463
2305.03111
2305.03286
2305.03393
2305.05065
2305.05084
2305.05176
2305.05280
2305.05920
2305.06161
2305.06410
2305.06500
2305.07185
2305.07922
2305.08322
2305.08845
2305.08891
2305.09781
2305.10355
2305.10403
2305.10425
2305.10429
2305.10601
2305.11206
2305.11290
2305.11624
2305.11738
2305.12057
2305.12087
2305.12102
2305.13035
2305.13048
2305.13245
2305.13516
2305.13534
2305.14087
2305.14201
2305.14233
2305.14314
2305.14325
2305.14442
2305.14699
2305.15586
2305.15717
2305.16291
2305.16334
2305.16367
2305.16765
2305.16958
2305.17235
2305.17333
2305.18150
2305.18274
2305.18290
2305.18474
2305.19370
2305.19534
2305.20050
2306.00008
2306.00238
2306.00248
2306.00890
2306.00978
2306.00980
2306.01116
2306.01160
2306.01323
2306.01481
2306.01841
2306.02231
2306.02254
2306.02707
2306.03819
2306.04556
2306.04751
2306.05284
2306.05685
2306.06085
2306.06936
2306.07174
2306.07280
2306.07629
2306.07906
2306.07952
2306.08121
2306.08620
2306.09364
2306.09539
2306.09683
2306.09782
2306.10453
2306.11247
2306.11644
2306.11895
2306.11987
2306.12929
2306.13063
2306.13649
2306.13891
2306.14048
2306.15033
2306.15595
2306.16772
2306.17492
2306.17806
2306.17843
2307.00149
2307.01952
2307.02245
2307.02486
2307.02628
2307.03109
2307.03170
2307.03172
2307.03190
2307.04725
2307.04964
2307.05222
2307.05300
2307.05445
2307.05695
2307.06857
2307.06945
2307.08621
2307.08691
2307.09009
2307.09288
2307.10172
2307.10188
2307.11088
2307.12950
2307.14995
2307.15017
2307.15217
2307.15337
2307.15593
2307.16560
2308.00951
2308.01317
2308.01320
2308.01825
2308.02151
2308.03281
2308.03290
2308.03296
2308.03735
2308.03825
2308.03958
2308.04014
2308.04623
2308.05938
2308.06259
2308.08667
2308.12038
2308.12966
2308.13137
2308.15975
2308.16137
2308.16369
2308.16848
2309.00071
2309.00267
2309.00754
2309.00779
2309.01775
2309.02591
2309.03241
2309.03409
2309.03450
2309.03883
2309.04269
2309.04564
2309.04662
2309.05463
2309.05767
2309.05803
2309.05927
2309.06180
2309.06657
2309.07045
2309.07062
2309.07973
2309.08105
2309.08520
2309.08532
2309.08586
2309.08600
2309.08999
2309.09400
2309.09843
2309.09958
2309.10202
2309.10707
2309.11210
2309.11419
2309.11568
2309.11998
2309.12207
2309.12284
2309.12307
2309.12479
2309.14322
2309.14509
2309.14592
2309.14642
2309.15217
2309.16020
2309.16036
2309.16039
2309.16609
2309.17102
2309.17395
2309.17425
2309.17453
2310.00091
2310.00098
2310.00239
2310.00793
2310.00800
2310.00867
2310.01377
2310.01382
2310.01405
2310.01714
2310.01798
2310.01889
2310.02074
2310.02255
2310.02932
2310.02943
2310.03015
2310.03094
2310.03714
2310.03744
2310.04564
2310.04612
2310.04621
2310.04854
2310.04859
2310.04869
2310.05344
2310.05737
2310.05886
2310.06114
2310.06117
2310.06165
2310.06347
2310.06770
2310.06771
2310.06786
2310.06825
2310.06837
2310.07338
2310.07699
2310.07805
2310.08579
2310.08587
2310.08659
2310.09199
2310.09254
2310.09424
2310.09753
2310.10537
2310.10631
2310.10638
2310.10688
2310.11408
2310.11441
2310.11453
2310.11454
2310.12036
2310.12109
2310.12371
2310.12773
2310.12823
2310.12963
2310.13017
2310.13040
2310.13225
2310.13332
2310.13639
2310.14108
2310.15111
2310.15130
2310.15154
2310.15308
2310.16167
2310.16226
2310.16764
2310.16789
2310.16795
2310.16832
2310.16836
2310.17022
2310.17157
2310.17303
2310.17722
2310.18186
2310.18313
2310.18547
2310.18660
2310.18780
2310.19102
2310.20703
2310.20707
2311.00257
2311.00899
2311.01070
2311.01282
2311.02103
2311.02382
2311.02462
2311.03079
2311.03285
2311.03583
2311.04155
2311.04254
2311.04400
2311.04934
2311.05698
2311.05908
2311.06242
2311.06243
2311.06382
2311.06477
2311.07911
2311.07919
2311.07961
2311.08105
2311.08263
2311.08370
2311.08401
2311.08527
2311.09467
2311.09528
2311.09571
2311.09613
2311.10237
2311.10642
2311.10702
2311.10768
2311.11045
2311.11829
2311.11922
2311.11973
2311.12022
2311.13668
2311.14125
2311.15951
2311.15980
2311.16502
2311.16974
2311.17049
2311.17179
2311.17261
2311.17311
2311.17894
2311.17932
2311.17984
2311.18168
2311.18237
2311.18257
2311.18677
2311.18743
2311.18832
2312.00598
2312.00752
2312.00849
2312.00886
2312.01037
2312.01541
2312.01552
2312.02120
2312.02432
2312.03641
2312.03664
2312.03687
2312.04461
2312.04985
2312.05187
2312.06109
2312.06550
2312.06585
2312.06661
2312.06709
2312.07000
2312.07104
2312.07358
2312.07395
2312.07533
2312.07987
2312.08583
2312.08885
2312.08914
2312.09241
2312.09244
2312.09300
2312.09390
2312.10003
2312.10029
2312.10300
2312.10359
2312.11456
2312.11462
2312.11514
2312.11539
2312.11805
2312.12111
2312.12436
2312.12450
2312.12456
2312.12865
2312.13252
2312.14115
2312.14125
2312.14132
2312.14187
2312.14820
2312.15011
2312.15796
2312.17120
2312.17279
2312.17661
2401.00110
2401.00368
2401.00448
2401.01335
2401.01827
2401.02415
2401.02954
2401.03462
2401.03955
2401.04081
2401.04088
2401.04658
2401.05133
2401.05811
2401.06066
2401.06080
2401.06104
2401.06127
2401.06209
2401.06761
2401.07595
2401.08525
2401.08541
2401.08565
2401.09135
2401.09670
2401.10020
2401.10222
2401.10241
2401.10774
2401.10815
2401.10891
2401.11181
2401.11944
2401.12068
2401.12187
2401.12954
2401.12963
2401.13660
2401.13667
2401.14112
2401.14196
2401.14489
2401.14549
2401.14645
2401.14953
2401.15024
2401.15071
2401.15077
2401.15232
2401.15914
2401.16380
2401.16420
2401.17230
2401.17377
2401.18058
2401.18059
2402.00159
2402.00340
2402.00413
2402.00658
2402.00838
2402.00849
2402.00858
2402.01030
2402.01306
2402.01613
2402.01662
2402.01704
2402.01825
2402.02057
2402.02216
2402.02285
2402.02592
2402.02998
2402.03216
2402.03300
2402.03620
2402.03714
2402.03804
2402.03928
2402.04177
2402.04347
2402.04362
2402.04396
2402.04792
2402.05099
2402.05235
2402.05369
2402.05672
2402.05878
2402.06071
2402.06332
2402.06859
2402.07033
2402.07319
2402.07440
2402.07598
2402.07821
2402.07827
2402.07841
2402.07872
2402.07896
2402.08164
2402.08170
2402.08268
2402.08420
2402.08451
2402.08530
2402.08733
2402.08939
2402.09247
2402.09711
2402.09727
2402.10137
2402.10171
2402.10176
2402.10200
2402.11131
2402.11450
2402.11907
2402.12365
2402.12422
2402.13043
2402.13220
2402.13251
2402.13516
2402.13598
2402.13720
2402.13753
2402.13929
2402.14207
2402.14396
2402.14547
2402.14654
2402.14797
2402.14905
2402.15000
2402.15220
2402.15319
2402.15391
2402.15506
2402.15627
2402.16040
2402.16444
2402.16819
2402.17152
2402.17463
2402.17764
2402.17834
2402.18668
2402.19173
2402.19427
2402.19479
2403.00071
2403.00745
2403.01081
2403.01585
2403.02151
2403.02310
2403.03071
2403.03206
2403.03507
2403.04132
2403.04642
2403.04652
2403.04732
2403.05121
2403.05490
2403.05525
2403.05530
2403.06009
2403.06321
2403.06412
2403.06504
2403.06789
2403.07815
2403.07816
2403.07974
2403.08002
2403.08144
2403.08177
2403.08295
2403.08715
2403.08763
2403.08819
2403.09611
2403.09629
2403.09919
2403.10131
2403.10519
2403.10616
2403.10704
2403.11703
2403.12008
2403.12422
2403.12544
2403.12706
2403.12881
2403.12968
2403.13777
2403.13787
2403.13793
2403.13839
2403.14438
2403.14599
2403.14734
2403.15484
2403.16244
2403.16990
2403.17297
2403.17834
2403.17887
2403.17920
2403.18286
2403.18421
2403.18783
2403.18802
2403.18814
2403.18978
2403.19887
2403.20275
2403.20327
2403.20329
2403.20331
2404.00456
2404.00570
2404.00995
2404.01626
2404.02078
2404.02258
2404.02893
2404.03085
2404.03592
2404.03683
2404.04439
2404.05590
2404.05719
2404.05892
2404.05961
2404.05971
2404.05993
2404.06395
2404.06430
2404.06512
2404.06654
2404.06910
2404.07143
2404.07191
2404.07387
2404.07413
2404.07839
2404.07965
2404.07972
2404.07973
2404.08168
2404.08660
2404.08801
2404.09656
2404.10201
2404.11018
2404.11565
2404.12390
2404.12728
2404.13686
2404.14219
2404.14619
2404.15308
2404.15653
2404.16014
2404.16251
2404.16710
2404.16816
2404.18416
2404.18796
2404.18911
2404.19205
2404.19553
2404.19733
2404.19737
2404.19756
2405.00029
2405.00263
2405.00675
2405.01470
2405.01481
2405.01702
2405.03162
2405.03547
2405.03689
2405.03889
2405.04324
2405.04407
2405.04434
2405.04520
2405.05329
2405.05374
2405.07719
2405.07863
2405.07913
2405.07990
2405.08260
2405.08448
2405.08719
2405.08748
2405.09818
2405.10637
2405.11143
2405.11850
2405.11919
2405.12981
2405.13194
2405.13226
2405.13729
2405.13874
2405.14105
2405.14295
2405.14333
2405.14573
2405.14908
2405.15028
2405.15032
2405.15199
2405.15722
2405.15753
2405.17220
2405.17247
2405.18392
2405.18609
2405.19107
2405.19265
2405.19325
2405.19532
2405.19773
2405.19888
2405.20202
2405.21048
2405.21060
2406.00551
2406.00633
2406.00888
2406.00899
2406.00977
2406.01574
2406.02416
2406.02652
2406.02657
2406.02789
2406.03243
2406.03274
2406.03520
2406.03620
2406.03881
2406.04093
2406.04106
2406.04240
2406.04324
2406.04333
2406.04334
2406.04449
2406.04485
2406.04496
2406.04692
2406.04975
2406.05061
2406.05347
2406.05649
2406.05761
2406.05928
2406.06282
2406.06316
2406.06354
2406.06467
2406.06487
2406.06592
2406.06608
2406.06729
2406.06761
2406.06834
2406.07234
2406.07472
2406.07522
2406.07739
2406.07792
2406.07835
2406.07904
2406.08207
2406.08446
2406.08545
2406.08673
2406.09279
2406.09406
2406.09413
2406.09414
2406.09443
2406.09617
2406.09622
2406.09627
2406.09648
2406.09676
2406.09756
2406.09760
2406.10223
2406.10325
2406.10400
2406.10478
2406.10721
2406.11271
2406.11430
2406.11695
2406.11794
2406.11813
2406.11827
2406.11931
2406.11939
2406.12023
2406.12433
2406.12793
2406.14491
2406.14852
2406.15339
2406.15786
2406.16321
2406.16793
2406.16829
2406.17557
2406.18495
2406.18510
2406.18518
2406.18629
2406.18682
2406.18820
2406.19314
2406.19566
2406.19578
2406.19707
2406.19803
2406.19888
2406.20060
2406.20094
2407.00079
2407.00088
2407.00121
2407.01449
2407.01492
2407.01509
2407.01906
2407.02490
2407.02518
2407.02552
2407.02855
2407.03320
2407.03475
2407.03658
2407.04069
2407.04620
2407.04622
2407.04797
2407.06304
2407.06324
2407.06358
2407.06460
2407.06483
2407.07304
2407.07726
2407.07829
2407.08608
2407.08683
2407.09252
2407.09435
2407.09450
2407.10362
2407.10671
2407.10759
2407.10954
2407.10956
2407.11005
2407.11666
2407.11966
2407.12077
2407.12327
2407.12772
2407.12781
2407.12854
2407.13035
2407.13218
2407.13623
2407.13739
2407.13833
2407.14057
2407.14358
2407.14679
2407.14933
2407.14985
2407.15835
2407.16604
2407.17227
2407.17470
2407.17773
2407.18424
2407.18887
2407.18961
2407.19142
2407.19669
2407.19985
2407.20183
2407.20272
2407.20438
2407.20455
2407.21018
2407.21049
2407.21075
2407.21783
2407.21787
2407.21794
2408.00118
2408.00203
2408.00380
2408.00653
2408.00714
2408.01367
2408.01605
2408.01800
2408.02085
2408.02442
2408.02666
2408.03274
2408.03314
2408.03326
2408.03541
2408.03827
2408.03906
2408.04637
2408.04682
2408.05147
2408.05346
2408.05948
2408.06072
2408.06195
2408.06793
2408.07055
2408.07060
2408.07978
2408.08152
2408.08459
2408.08656
2408.08872
2408.09000
2408.10088
2408.10914
2408.11039
2408.11146
2408.11527
2408.11745
2408.11796
2408.11857
2408.12430
2408.12570
2408.12637
2408.12757
2408.12857
2408.13106
2408.13233
2408.14906
2408.14960
2408.15079
2408.15237
2408.15518
2408.15664
2408.15710
2408.16293
2408.16500
2408.16532
2409.01704
2409.02060
2409.02095
2409.02795
2409.02813
2409.02877
2409.02897
2409.03137
2409.03215
2409.03650
2409.03752
2409.03753
2409.04081
2409.04109
2409.04410
2409.04431
2409.04828
2409.06062
2409.06594
2409.06656
2409.07447
2409.08239
2409.09018
2409.09067
2409.09603
2409.10516
2409.10787
2409.10788
2409.10791
2409.11169
2409.11369
2409.11372
2409.11376
2409.11402
2409.11500
2409.12122
2409.12136
2409.12181
2409.12186
2409.12191
2409.12558
2409.12640
2409.12740
2409.12822
2409.12903
2409.12917
2409.12961
2409.13773
2409.13888
2409.13900
2409.14254
2409.14509
2409.14664
2409.14682
2409.15353
2409.15398
2409.16235
2409.17066
2409.17106
2409.17115
2409.17146
2409.17481
2409.18203
2409.18869
2409.19715
2409.19951
2409.20059
2409.20566
2410.00037
2410.00907
2410.01036
2410.01044
2410.01088
2410.01257
2410.01428
2410.01680
2410.01748
2410.01782
2410.01920
2410.02073
2410.02098
2410.02108
2410.02126
2410.02140
2410.02147
2410.02367
2410.02650
2410.02703
2410.02707
2410.02740
2410.02743
2410.02746
2410.02907
2410.03529
2410.03727
2410.03735
2410.03960
2410.04295
2410.04343
2410.04350
2410.04734
2410.05160
2410.05229
2410.05258
2410.05265
2410.05364
2410.05416
2410.05656
2410.05880
2410.06025
2410.06273
2410.06371
2410.06468
2410.06961
2410.07073
2410.07145
2410.07177
2410.07502
2410.07627
2410.07677
2410.07815
2410.08159
2410.08165
2410.08391
2410.08421
2410.08968
2410.09006
2410.09207
2410.09407
2410.09615
2410.10102
2410.10190
2410.10469
2410.10594
2410.10646
2410.10714
2410.10773
2410.10774
2410.10801
2410.10819
2410.10846
2410.10989
2410.11963
2410.12937
2410.13276
2410.13284
2410.13639
2410.13848
2410.13928
2410.14057
2410.14516
2410.14582
2410.14945
2410.15466
2410.15531
2410.15700
2410.15956
2410.16184
2410.16198
2410.16215
2410.16267
2410.16424
2410.16512
2410.16597
2410.17840
2410.17891
2410.18252
2410.18391
2410.18490
2410.18967
2410.19012
2410.19456
2410.20011
2410.20056
2410.20399
2410.20771
2410.21169
2410.21252
2410.21271
2410.21273
2410.21276
2410.21438
2410.21465
2410.21643
2410.21680
2410.22349
2410.22377
2410.23054
2410.23234
2410.23252
2410.23300
2410.23461
2410.23609
2410.23698
2410.24019
2410.24164
2410.24198
2410.24211
2411.00023
2411.00664
2411.00820
2411.01493
2411.01783
2411.01798
2411.02265
2411.02293
2411.02305
2411.02335
2411.02337
2411.02355
2411.02398
2411.04105
2411.04205
2411.04329
2411.04368
2411.04905
2411.04965
2411.04967
2411.04975
2411.04996
2411.04997
2411.05088
2411.05288
2411.05403
2411.05823
2411.07091
2411.07191
2411.07765
2411.07942
2411.07975
2411.09009
2411.09678
2411.10438
2411.10440
2411.10510
2411.10541
2411.10958
2411.11296
2411.11984
2411.12372
2411.12644
2411.13405
2411.13476
2411.13513
2411.13552
2411.13632
2411.13676
2411.14402
2411.14430
2411.14708
2411.15124
2411.15594
2411.15640
2411.16205
2411.16345
2411.16679
2411.17116
2411.17451
2411.17690
2411.17966
2411.18673
2411.18822
2411.18966
2411.19379
2411.19574
2411.19799
2411.19842
2411.19870
2412.00396
2412.01246
2412.01506
2412.01821
2412.01822
2412.02164
2412.02595
2412.02692
2412.03304
2412.03517
2412.03537
2412.03555
2412.03572
2412.03603
2412.03791
2412.04261
2412.04277
2412.04315
2412.04418
2412.04432
2412.04445
2412.04454
2412.04458
2412.04462
2412.04468
2412.04506
2412.04862
2412.05196
2412.05263
2412.05270
2412.05479
2412.05496
2412.06206
2412.06329
2412.06464
2412.06559
2412.06592
2412.06753
2412.06769
2412.06771
2412.06966
2412.07626
2412.07679
2412.07724
2412.07730
2412.07776
2412.08442
2412.08443
2412.08580
2412.08635
2412.08686
2412.08859
2412.08905
2412.09262
2412.09465
2412.09573
2412.09596
2412.09619
2412.09648
2412.09694
2412.09871
2412.10302
2412.10316
2412.10337
2412.10360
2412.10419
2412.10494
2412.10631
2412.11276
2412.11768
2412.11815
2412.11912
2412.11963
2412.12091
2412.12300
2412.13061
2412.13303
2412.13795
2412.14396
2412.14470
2412.14922
2412.15115
2412.15119
2412.15191
2412.15200
2412.15618
2412.16132
2412.16145
2412.16256
2412.16429
2412.16720
2412.16855
2412.17153
2412.17245
2412.17256
2412.17726
2412.17739
2412.17747
2412.17758
2412.17847
2412.18619
2412.18808
2412.19010
2412.19437
2412.19712
2412.20735
2412.20993
2412.21127
2412.21139
2501.00656
2501.00958
2501.01005
2501.01028
2501.01046
2501.01320
2501.01407
2501.01426
2501.02086
2501.02088
2501.02170
2501.02523
2501.02532
2501.02763
2501.02780
2501.02902
2501.03124
2501.03262
2501.03337
2501.03440
2501.03468
2501.03560
2501.03569
2501.03575
2501.03639
2501.03743
2501.03803
2501.04001
2501.04128
2501.04194
2501.04258
2501.04403
2501.04459
2501.04519
2501.04689
2501.04782
2501.04930
2501.04961
2501.04985
2501.05040
2501.05309
2501.05351
2501.05386
2501.05419
2501.05421
2501.05440
2501.05453
2501.05520
2501.05561
2501.05781
2501.06024
2501.06074
2501.06187
2501.06252
2501.06263
2501.06269
2501.06289
2501.06318
2501.06327
2501.06422
2501.06425
2501.06426
2501.06597
2501.06664
2501.06708
2501.06802
2501.06851
2501.06882
2501.07047
2501.07088
2501.07188
2501.07301
2501.07330
2501.07362
2501.07458
2501.07540
2501.07802
2501.08014
2501.08022
2501.08052
2501.08080
2501.08156
2501.08203
2501.08248
2501.08313
2501.08326
2501.08329
2501.08365
2501.08951
2501.09147
2501.09258
2501.09706
2501.09813
2501.09891
2501.10053
2501.10114
2501.10279
2501.10506
2501.10535
2501.10579
2501.10963
2501.11121
2501.11179
2501.11185
2501.11759
2501.11768
2501.11770
2501.11771
2501.11779
2501.11914
2501.11918
2501.12084
2501.12149
2501.12202
2501.12215
2501.12368
2501.12370
2501.12372
2501.12469
2501.12493
2501.12596
2501.12599
2501.12641
2501.12689
2501.12948
2501.13011
2501.13051
2501.13087
2501.13131
2501.13223
2501.13293
2501.13382
2501.13629
2501.13765
2501.13789
2501.13883
2501.13935
2501.13949
2501.14022
2501.14026
2501.14073
2501.14229
2501.14249
2501.14317
2501.14342
2501.14474
2501.14491
2501.14818
2501.14825
2501.14925
2501.14939
2501.15023
2501.15034
2501.15142
2501.15276
2501.15368
2501.15383
2501.15447
2501.15479
2501.15654
2501.15727
2501.15900
2501.15975
2501.16075
2501.16079
2501.16103
2501.16123
2501.16180
2501.16205
2501.16207
2501.16214
2501.16255
2501.16277
2501.16395
2501.16496
2501.16513
2501.16572
2501.16585
2501.16615
2501.16616
2501.16636
2501.17030
2501.17116
2501.17161
2501.17178
2501.17183
2501.17218
2501.17295
2501.17332
2501.17749
2501.17752
2501.17811
2501.17819
2501.17831
2501.17887
2501.18045
2501.18126
2501.18138
2501.18167
2501.18197
2501.18210
2501.18362
2501.18438
2501.18512
2501.18576
2501.18588
2501.18631
2501.18662
2501.18838
2501.18841
2501.18914
2501.18928
2501.18997
2501.19004
2501.19054
2501.19306
2501.19324
2501.19377
2501.19383
2501.19393
2501.19399
2502.00046
2502.00202
2502.00562
2502.00682
2502.00965
2502.01032
2502.01059
2502.01073
2502.01100
2502.01436
2502.01456
2502.01557
2502.01600
2502.01652
2502.01703
2502.01804
2502.01829
2502.01850
2502.01909
2502.01941
2502.02040
2502.02187
2502.02390
2502.02460
2502.02523
2502.02617
2502.02701
2502.02737
2502.02820
2502.02929
2502.02988
2502.02996
2502.03249
2502.03301
2502.03325
2502.03349
2502.03387
2502.03397
2502.03417
2502.03490
2502.03544
2502.03609
2502.03688
2502.03808
2502.03873
2502.03997
2502.04004
2502.04022
2502.04072
2502.04080
2502.04209
2502.04235
2502.04241
2502.04342
2502.04356
2502.04381
2502.04482
2502.04484
2502.04513
2502.04549
2502.04565
2502.05035
2502.05110
2502.05195
2502.05317
2502.05323
2502.05389
2502.05429
2502.05449
2502.05621
2502.05661
2502.05685
2502.05750
2502.05769
2502.05795
2502.06009
2502.06042
2502.06049
2502.06064
2502.06086
2502.06096
2502.06111
2502.06301
2502.06382
2502.06555
2502.06568
2502.06662
2502.06703
2502.06773
2502.06786
2502.06802
2502.06807
2502.06848
2502.06854
2502.06918
2502.06925
2502.06957
2502.06985
2502.07001
2502.07087
2502.07188
2502.07312
2502.07393
2502.07408
2502.07527
2502.07555
2502.07578
2502.07617
2502.07685
2502.07784
2502.07789
2502.07846
2502.07864
2502.07905
2502.08086
2502.08202
2502.08515
2502.08554
2502.08606
2502.08619
2502.08646
2502.08705
2502.08722
2502.08763
2502.08850
2502.08878
2502.08889
2502.08910
2502.08916
2502.08966
2502.09048
2502.09056
2502.09058
2502.09242
2502.09351
2502.09563
2502.09616
2502.09660
2502.09692
2502.09799
2502.09863
2502.09870
2502.09873
2502.09927
2502.09980
2502.10008
2502.10190
2502.10226
2502.10248
2502.10299
2502.10303
2502.10424
2502.10428
2502.10458
2502.10491
2502.10514
2502.10517
2502.10526
2502.10537
2502.10542
2502.10561
2502.10719
2502.10820
2502.10830
2502.10867
2502.10893
2502.10934
2502.11079
2502.11089
2502.11096
2502.11137
2502.11164
2502.11347
2502.11414
2502.11490
2502.11492
2502.11544
2502.11886
2502.12025
2502.12067
2502.12342
2502.12383
2502.12404
2502.12459
2502.12479
2502.12512
2502.12521
2502.12671
2502.12784
2502.12825
2502.12873
2502.12893
2502.12945
2502.13045
2502.13047
2502.13059
2502.13130
2502.13189
2502.13215
2502.13294
2502.13295
2502.13372
2502.13391
2502.13454
2502.13919
2502.13923
2502.13967
2502.14036
2502.14144
2502.14174
2502.14295
2502.14473
2502.14620
2502.14698
2502.14739
2502.14768
2502.14786
2502.14837
2502.14844
2502.14856
2502.14866
2502.14905
2502.14907
2502.14922
2502.14926
2502.14958
2502.14992
2502.15054
2502.15090
2502.15361
2502.15639
2502.15737
2502.15761
2502.15773
2502.15815
2502.15882
2502.15899
2502.15961
2502.15980
2502.15987
2502.15989
2502.16025
2502.16077
2502.16161
2502.16274
2502.16348
2502.16392
2502.16428
2502.16463
2502.16469
2502.16473
2502.16732
2502.16807
2502.16971
2502.16982
2502.17070
2502.17089
2502.17239
2502.17321
2502.17328
2502.17419
2502.17424
2502.17447
2502.17487
2502.17551
2502.17575
2502.17605
2502.17634
2502.17674
2502.17677
2502.17764
2502.17785
2502.17801
2502.17813
2502.17844
2502.17859
2502.17947
2502.17963
2502.17980
2502.18028
2502.18057
2502.18210
2502.18344
2502.18348
2502.18359
2502.18435
2502.18443
2502.18449
2502.18467
2502.18476
2502.18505
2502.18513
2502.18527
2502.18548
2502.18558
2502.18573
2502.18600
2502.18603
2502.18624
2502.18704
2502.18705
2502.18714
2502.18736
2502.18737
2502.18757
2502.18764
2502.18881
2502.18900
2502.18912
2502.18924
2502.19043
2502.19161
2502.19189
2502.19263
2502.19325
2502.19361
2502.19528
2502.19537
2502.19549
2502.19585
2502.19628
2502.19655
2502.19735
2502.19776
2502.19888
2502.19952
2502.20023
2502.20072
2502.20082
2502.20115
2502.20200
2502.20204
2502.20255
2502.20294
2502.20375
2502.20412
2502.20432
2502.20433
2502.20496
2502.20527
2502.20558
2502.20590
2502.20647
2502.20727
2502.20820
2502.20821
2502.20868
2502.20907
2502.21220
2502.21228
2503.00096
2503.00149
2503.00169
2503.00363
2503.00519
2503.00607
2503.00619
2503.00624
2503.00712
2503.00791
2503.00940
2503.01082
2503.01174
2503.01177
2503.01314
2503.01461
2503.01469
2503.01471
2503.01494
2503.01535
2503.01743
2503.01769
2503.01773
2503.01774
2503.01781
2503.01801
2503.01805
2503.01840
2503.01895
2503.01923
2503.01958
2503.02032
2503.02068
2503.02090
2503.02130
2503.02139
2503.02196
2503.02229
2503.02253
2503.02493
2503.02542
2503.02805
2503.02818
2503.02867
2503.02894
2503.02907
2503.02925
2503.02942
2503.02947
2503.02993
2503.03003
2503.03040
2503.03114
2503.03317
2503.03342
2503.03378
2503.03477
2503.03524
2503.03532
2503.03604
2503.03616
2503.03668
2503.03683
2503.03730
2503.03783
2503.03800
2503.03806
2503.03812
2503.03827
2503.03960
2503.03962
2503.03964
2503.04008
2503.04094
2503.04271
2503.04334
2503.04489
2503.04550
2503.04666
2503.04691
2503.04699
2503.04715
2503.04721
2503.04727
2503.04765
2503.04768
2503.04783
2503.04806
2503.04808
2503.04874
2503.04988
2503.05014
2503.05132
2503.05149
2503.05176
2503.05449
2503.05456
2503.05639
2503.05769
2503.05804
2503.05857
2503.05891
2503.05931
2503.05934
2503.06072
2503.06074
2503.06271
2503.06327
2503.06349
2503.06500
2503.06513
2503.06550
2503.06552
2503.06712
2503.06721
2503.06726
2503.06749
2503.06800
2503.06881
2503.06911
2503.06980
2503.07032
2503.07041
2503.07091
2503.07403
2503.07529
2503.07631
2503.07734
2503.07831
2503.07839
2503.07879
2503.07891
2503.07923
2503.08010
2503.08012
2503.08080
2503.08181
2503.08570
2503.08626
2503.08665
2503.08678
2503.08859
2503.08903
2503.08935
2503.09007
2503.09203
2503.09236
2503.09277
2503.09288
2503.09382
2503.09512
2503.09516
2503.09526
2503.09543
2503.09567
2503.09688
2503.09697
2503.09698
2503.09714
2503.09733
2503.09805
2503.09814
2503.09838
2503.09889
2503.09901
2503.09905
2503.09917
2503.09949
2503.09956
2503.10029
2503.10192
2503.10240
2503.10296
2503.10302
2503.10417
2503.10460
2503.10486
2503.10575
2503.10576
2503.10618
2503.10622
2503.10649
2503.10671
2503.10679
2503.10690
2503.10728
2503.10772
2503.11066
2503.11068
2503.11074
2503.11113
2503.11246
2503.11251
2503.11273
2503.11347
2503.11357
2503.11383
2503.11486
2503.11572
2503.11576
2503.11603
2503.11651
2503.11655
2503.11667
2503.11698
2503.11791
2503.11801
2503.11850
2503.11862
2503.11885
2503.11897
2503.11898
2503.11900
2503.11921
2503.11926
2503.11938
2503.12004
2503.12171
2503.12177
2503.12235
2503.12347
2503.12524
2503.12593
2503.12619
2503.12652
2503.12721
2503.12763
2503.12773
2503.12964
2503.13111
2503.13188
2503.13221
2503.13425
2503.13441
2503.13510
2503.13517
2503.13549
2503.13631
2503.13632
2503.13657
2503.13720
2503.13772
2503.13807
2503.13974
2503.14049
2503.14141
2503.14190
2503.14266
2503.14451
2503.14454
2503.14456
2503.14476
2503.14489
2503.14492
2503.14495
2503.14585
2503.14588
2503.14603
2503.14617
2503.14688
2503.14731
2503.14734
2503.14743
2503.14744
2503.15068
2503.15092
2503.15169
2503.15222
2503.15422
2503.15462
2503.15475
2503.15558
2503.15562
2503.15592
2503.15620
2503.15624
2503.15644
2503.15668
2503.15952
2503.16040
2503.16153
2503.16160
2503.16183
2503.16252
2503.16289
2503.16304
2503.16332
2503.16351
2503.16367
2503.16384
2503.16396
2503.16418
2503.16431
2503.16491
2503.16503
2503.16504
2503.16505
2503.16529
2503.16607
2503.16679
2503.16683
2503.16699
2503.16717
2503.16742
2503.16820
2503.16867
2503.16974
2503.17000
2503.17165
2503.17271
2503.17287
2503.17329
2503.17352
2503.17365
2503.17378
2503.17407
2503.17473
2503.17523
2503.17547
2503.17573
2503.17587
2503.17793
2503.17824
2503.17847
2503.17893
2503.17979
2503.18158
2503.18419
2503.18485
2503.18620
2503.18667
2503.18860
2503.18892
2503.18943
2503.18995
2503.19033
2503.19075
2503.19092
2503.19227
2503.19236
2503.19325
2503.19542
2503.19597
2503.19633
2503.19786
2503.19861
2503.19884
2503.19948
2503.19969
2503.19988
2503.20020
2503.20023
2503.20069
2503.20084
2503.20089
2503.20112
2503.20191
2503.20203
2503.20215
2503.20218
2503.20320
2503.20441
2503.20446
2503.20472
2503.20481
2503.20491
2503.20498
2503.20563
2503.20700
2503.20783
2503.20794
2503.20859
2503.20863
2503.20883
2503.20956
2503.20978
2503.20986
2503.21130
2503.21237
2503.21381
2503.21413
2503.21460
2503.21464
2503.21581
2503.21620
2503.21706
2503.21738
2503.21743
2503.21749
2503.21776
2503.21777
2503.21844
2503.21977
2503.22099
2503.22126
2503.22141
2503.22275
2503.22304
2503.22503
2503.22583
2503.22603
2503.22654
2503.22673
2503.22674
2503.22679
2503.22692
2503.22711
2503.22732
2503.22767
2503.22840
2503.22885
2503.22930
2503.23058
2503.23130
2503.23242
2503.23315
2503.23384
2503.23574
2503.23611
2503.23758
2503.23897
2503.23905
2503.24137
2503.24157
2503.24183
2503.24190
2503.24243
2503.24290
2503.24340
2503.24343
2503.24356
2503.24364
2503.24366
2503.24376
2503.24380
2504.00016
2504.00025
2504.00086
2504.00183
2504.00409
2504.00415
2504.00421
2504.00438
2504.00595
2504.00698
2504.00714
2504.00927
2504.00986
2504.00987
2504.01014
2504.01016
2504.01081
2504.01089
2504.01103
2504.01194
2504.01217
2504.01266
2504.01317
2504.01324
2504.01828
2504.01848
2504.01903
2504.02010
2504.02107
2504.02110
2504.02122
2504.02137
2504.02263
2504.02286
2504.02463
2504.02492
2504.02495
2504.02605
2504.02817
2504.02888
2504.02928
2504.02958
2504.03029
2504.03219
2504.03223
2504.03593
2504.03601
2504.03624
2504.03662
2504.03665
2504.03739
2504.03794
2504.03909
2504.03931
2504.03979
2504.04058
2504.04083
2504.04096
2504.04108
2504.04186
2504.04304
2504.04336
2504.04420
2504.04468
2504.04534
2504.04550
2504.04558
2504.04823
2504.04918
2504.05106
2504.05118
2504.05179
2504.05192
2504.05193
2504.05202
2504.05220
2504.05232
2504.05234
2504.05255
2504.05299
2504.05506
2504.05562
2504.05573
2504.05584
2504.05993
2504.06040
2504.06072
2504.06091
2504.06118
2504.06122
2504.06125
2504.06166
2504.06193
2504.06196
2504.06211
2504.06261
2504.06296
2504.06443
2504.06496
2504.06498
2504.06614
2504.06792
2504.06854
2504.06925
2504.07004
2504.07039
2504.07090
2504.07093
2504.07096
2504.07110
2504.07114
2504.07128
2504.07149
2504.07164
2504.07178
2504.07197
2504.07277
2504.07279
2504.07343
2504.07357
2504.07433
2504.07465
2504.07491
2504.07512
2504.07517
2504.07718
2504.07817
2504.07831
2504.07862
2504.07899
2504.07951
2504.07954
2504.07981
2504.07986
2504.07995
2504.08053
2504.08066
2504.08120
2504.08243
2504.08250
2504.08302
2504.08321
2504.08368
2504.08584
2504.08623
2504.08795
2504.08812
2504.08837
2504.08865
2504.08898
2504.09014
2504.09021
2504.09037
2504.09100
2504.09137
2504.09227
2504.09246
2504.09381
2504.09422
2504.09590
2504.09602
2504.09639
2504.09691
2504.09699
2504.09734
2504.09753
2504.09802
2504.09858
2504.09946
2504.10081
2504.10090
2504.10166
2504.10187
2504.10414
2504.10449
2504.10458
2504.10462
2504.10465
2504.10479
2504.10597
2504.10693
2504.10757
2504.10793
2504.10861
2504.10867
2504.10880
2504.10963
2504.11002
2504.11186
2504.11194
2504.11343
2504.11375
2504.11393
2504.11409
2504.11536
2504.11668
2504.11730
2504.11750
2504.11844
2504.11919
2504.12027
2504.12063
2504.12186
2504.12247
2504.12285
2504.12320
2504.12335
2504.12384
2504.12397
2504.12459
2504.12501
2504.12526
2504.12553
2504.12572
2504.12580
2504.12685
2504.12852
2504.12920
2504.12946
2504.13068
2504.13125
2504.13161
2504.13171
2504.13187
2504.13343
2504.13385
2504.13486
2504.13532
2504.13572
2504.13621
2504.13677
2504.13745
2504.13771
2504.13811
2504.13821
2504.13837
2504.13914
2504.13924
2504.13941
2504.14005
2504.14009
2504.14029
2504.14047
2504.14053
2504.14061
2504.14202
2504.14286
2504.14295
2504.14379
2504.14396
2504.14444
2504.14462
2504.14480
2504.14651
2504.14706
2504.14739
2504.14742
2504.14776
2504.14839
2504.14849
2504.14928
2504.14945
2504.15206
2504.15253
2504.15257
2504.15266
2504.15271
2504.15434
2504.15464
2504.15466
2504.15495
2504.15523
2504.15604
2504.15685
2504.15716
2504.15900
2504.15903
2504.15966
2504.16008
2504.16027
2504.16072
2504.16084
2504.16137
2504.16161
2504.16223
2504.16266
2504.16283
2504.16286
2504.16329
2504.16353
2504.16414
2504.16431
2504.16489
2504.16788
2504.16794
2504.16893
2504.16915
2504.16927
2504.16932
2504.16942
2504.17028
2504.17040
2504.17097
2504.17130
2504.17181
2504.17212
2504.17238
2504.17402
2504.17453
2504.17496
2504.17636
2504.17688
2504.17758
2504.17761
2504.17800
2504.17857
2504.17881
2504.17920
2504.17928
2504.17993
2504.18080
2504.18113
2504.18114
2504.18140
2504.18202
2504.18400
2504.18412
2504.18415
2504.18425
2504.18428
2504.18587
2504.18622
2504.18671
2504.18725
2504.18726
2504.18776
2504.18785
2504.18804
2504.18806
2504.18881
2504.18971
2504.19048
2504.19076
2504.19095
2504.19183
2504.19210
2504.19270
2504.19298
2504.19416
2504.19651
2504.19656
2504.19870
2504.19894
2504.19986
2504.20012
2504.20023
2504.20042
2504.20094
2504.20133
2504.20276
2504.20327
2504.20338
2504.20493
2504.20534
2504.20547
2504.20571
2504.20590
2504.20612
2504.20792
2504.20879
2504.20883
2504.21061
2504.21233
2504.21318
2504.21334
2504.21360
2504.21370
2504.21413
2504.21540
2504.21814
2504.21838
2504.21844
2504.21849
2505.00008
2505.00020
2505.00025
2505.00060
2505.00080
2505.00093
2505.00175
2505.00184
2505.00204
2505.00272
2505.00322
2505.00551
2505.00632
2505.00746
2505.00769
2505.00781
2505.00821
2505.00949
2505.01067
2505.01499
2505.01528
2505.01538
2505.01555
2505.01634
2505.01648
2505.01681
2505.01953
2505.02120
2505.02214
2505.02250
2505.02303
2505.02309
2505.02355
2505.02390
2505.02489
2505.02665
2505.02763
2505.02780
2505.03005
2505.03059
2505.03269
2505.03469
2505.03531
2505.03553
2505.03777
2505.03782
2505.03784
2505.03786
2505.03841
2505.03859
2505.03864
2505.03867
2505.03882
2505.03970
2505.03981
2505.04084
2505.04475
2505.04512
2505.04524
2505.04584
2505.04588
2505.04640
2505.04653
2505.04654
2505.04698
2505.04767
2505.04825
2505.04846
2505.04940
2505.05194
2505.05300
2505.05315
2505.05325
2505.05422
2505.05427
2505.05467
2505.05501
2505.05553
2505.05554
2505.05605
2505.05623
2505.05660
2505.05713
2505.05776
2505.06108
2505.06120
2505.06149
2505.06182
2505.06252
2505.06355
2505.06386
2505.06437
2505.06496
2505.06643
2505.06685
2505.06839
2505.07058
2505.07085
2505.07105
2505.07202
2505.07203
2505.07205
2505.07280
2505.07365
2505.07393
2505.07491
2505.07665
2505.07672
2505.07747
2505.07759
2505.07849
2505.07850
2505.07858
2505.07896
2505.07916
2505.07924
2505.07956
2505.08034
2505.08127
2505.08135
2505.08137
2505.08148
2505.08167
2505.08175
2505.08202
2505.08303
2505.08311
2505.08385
2505.08431
2505.08468
2505.08699
2505.08704
2505.08742
2505.08762
2505.08889
2505.09019
2505.09074
2505.09171
2505.09388
2505.09407
2505.09462
2505.09501
2505.09509
2505.09652
2505.09662
2505.09795
2505.09823
2505.09846
2505.09861
2505.09932
2505.09958
2505.09970
2505.10321
2505.10338
2505.10440
2505.10465
2505.10475
2505.10527
2505.10569
2505.10590
2505.10592
2505.10717
2505.10860
2505.10865
2505.10867
2505.10879
2505.11040
2505.11062
2505.11141
2505.11191
2505.11227
2505.11318
2505.11334
2505.11409
2505.11462
2505.11493
2505.11547
2505.11574
2505.11594
2505.11672
2505.11709
2505.11718
2505.11776
2505.11847
2505.11849
2505.11855
2505.11965
2505.12050
2505.12057
2505.12082
2505.12151
2505.12234
2505.12265
2505.12284
2505.12287
2505.12366
2505.12373
2505.12625
2505.12663
2505.12832
2505.12969
2505.12981
2505.13033
2505.13063
2505.13287
2505.13343
2505.13350
2505.13381
2505.13383
2505.13389
2505.13397
2505.13404
2505.13426
2505.13488
2505.13577
2505.13603
2505.13637
2505.13673
2505.13697
2505.13792
2505.13840
2505.13898
2505.13907
2505.13995
2505.14135
2505.14202
2505.14321
2505.14348
2505.14366
2505.14414
2505.14435
2505.14460
2505.14464
2505.14534
2505.14555
2505.14643
2505.14652
2505.14669
2505.14677
2505.14682
2505.14782
2505.14918
2505.14988
2505.15269
2505.15350
2505.15394
2505.15404
2505.15431
2505.15508
2505.15634
2505.15790
2505.15809
2505.15848
2505.15889
2505.15893
2505.15896
2505.15916
2505.15917
2505.16022
2505.16092
2505.16105
2505.16134
2505.16381
2505.16400
2505.16500
2505.16501
2505.16619
2505.16637
2505.16961
2505.16968
2505.17082
2505.17095
2505.17101
2505.17106
2505.17109
2505.17112
2505.17134
2505.17153
2505.17166
2505.17239
2505.17266
2505.17285
2505.17359
2505.17373
2505.17447
2505.17507
2505.17538
2505.17586
2505.17667
2505.17702
2505.17741
2505.17747
2505.17827
2505.17916
2505.17925
2505.17964
2505.17967
2505.18019
2505.18059
2505.18086
2505.18092
2505.18109
2505.18230
2505.18244
2505.18260
2505.18286
2505.18328
2505.18486
2505.18654
2505.18746
2505.18786
2505.18874
2505.18875
2505.18879
2505.18927
2505.18928
2505.18953
2505.18978
2505.19001
2505.19011
2505.19094
2505.19126
2505.19206
2505.19297
2505.19339
2505.19394
2505.19513
2505.19570
2505.19621
2505.19640
2505.19877
2505.19896
2505.19907
2505.20156
2505.20171
2505.20223
2505.20225
2505.20276
2505.20295
2505.20315
2505.20323
2505.20364
2505.20432
2505.20439
2505.20473
2505.20483
2505.20640
2505.20692
2505.20745
2505.20777
2505.21010
2505.21097
2505.21136
2505.21172
2505.21178
2505.21308
2505.21374
2505.21478
2505.21481
2505.21488
2505.21493
2505.21509
2505.21758
2505.21772
2505.21790
2505.21809
2505.21811
2505.21925
2505.22203
2505.22238
2505.22254
2505.22312
2505.22418
2505.22469
2505.22547
2505.22567
2505.22597
2505.22617
2505.22618
2505.22648
2505.22710
2505.22717
2505.22873
2505.22880
2505.22933
2505.22938
2505.23091
2505.23337
2505.23433
2505.23502
2505.23520
2505.23530
2505.23558
2505.23620
2505.23621
2505.23627
2505.23691
2505.23742
2505.23743
2505.23756
2505.23815
2505.23831
2505.23845
2505.23971
2505.23996
2505.24004
2505.24025
2505.24088
2505.24092
2505.24182
2505.24222
2505.24246
2505.24511
2505.24593
2505.24676
2505.24689
2505.24760
2505.24835
2505.24858
2506.00058
2506.00132
2506.00155
2506.00165
2506.00166
2506.00180
2506.00202
2506.00291
2506.00298
2506.00305
2506.00309
2506.00320
2506.00400
2506.00594
2506.00606
2506.00629
2506.00660
2506.00671
2506.00733
2506.00762
2506.00857
2506.00914
2506.01015
2506.01257
2506.01265
2506.01275
2506.01371
2506.01377
2506.01391
2506.01666
2506.01669
2506.01709
2506.01774
2506.01793
2506.01801
2506.01804
2506.01814
2506.01827
2506.01855
2506.01896
2506.01939
2506.01956
2506.01969
2506.02019
2506.02126
2506.02188
2506.02219
2506.02244
2506.02251
2506.02267
2506.02298
2506.02384
2506.02510
2506.02523
2506.02627
2506.02713
2506.02720
2506.02763
2506.02864
2506.03013
2506.03094
2506.03097
2506.03101
2506.03136
2506.03143
2506.03144
2506.03194
2506.03245
2506.03309
2506.03318
2506.03682
2506.03699
2506.03870
2506.04036
2506.04043
2506.04061
2506.04108
2506.04136
2506.04178
2506.04190
2506.04207
2506.04210
2506.04225
2506.04309
2506.04356
2506.04404
2506.04598
2506.04723
2506.04734
2506.04746
2506.04761
2506.04923
2506.04968
2506.04998
2506.05055
2506.05080
2506.05176
2506.05200
2506.05209
2506.05273
2506.05285
2506.05301
2506.05340
2506.05342
2506.05343
2506.05345
2506.05415
2506.05499
2506.05508
2506.05514
2506.05526
2506.05599
2506.05604
2506.05628
2506.05687
2506.05689
2506.05744
2506.05761
2506.05781
2506.05826
2506.05868
2506.05899
2506.05987
2506.06009
2506.06117
2506.06152
2506.06239
2506.06248
2506.06249
2506.06276
2506.06301
2506.06445
2506.06462
2506.06632
2506.06725
2506.06756
2506.06941
2506.06955
2506.06970
2506.07073
2506.07129
2506.07204
2506.07311
2506.07322
2506.07356
2506.07416
2506.07520
2506.07636
2506.07751
2506.07823
2506.07900
2506.07905
2506.07906
2506.07907
2506.07931
2506.07944
2506.07971
2506.08007
2506.08009
2506.08027
2506.08065
2506.08072
2506.08074
2506.08100
2506.08117
2506.08237
2506.08413
2506.08500
2506.08513
2506.08529
2506.08569
2506.08572
2506.08588
2506.08751
2506.08768
2506.08806
2506.08825
2506.08967
2506.09021
2506.09037
2506.09042
2506.09061
2506.09130
2506.09167
2506.09175
2506.09395
2506.09554
2506.09677
2506.09746
2506.09822
2506.09843
2506.09890
2506.09991
2506.10029
2506.10122
2506.10142
2506.10295
2506.10297
2506.10316
2506.10330
2506.10401
2506.10467
2506.10569
2506.10630
2506.10716
2506.10730
2506.10910
2506.10995
2506.11071
2506.11077
2506.11102
2506.11230
2506.11274
2506.11277
2506.11331
2506.11487
2506.11690
2506.11709
2506.11788
2506.11891
2506.11915
2506.12088
2506.12098
2506.12115
2506.12154
2506.12229
2506.12346
2506.12349
2506.12379
2506.12387
2506.12433
2506.12594
2506.12700
2506.12704
2506.12801
2506.12879
2506.12966
2506.13088
2506.13100
2506.13186
2506.13459
2506.13477
2506.13538
2506.13585
2506.13596
2506.13720
2506.13784
2506.13811
2506.13841
2506.13981
2506.13996
2506.14104
2506.14192
2506.14239
2506.14245
2506.14374
2506.14417
2506.14429
2506.14492
2506.14496
2506.14513
2506.14603
2506.14665
2506.14718
2506.14737
2506.14767
2506.14782
2506.14821
2506.14833
2506.14907
2506.15051
2506.15128
2506.15262
2506.15442
2506.15525
2506.15545
2506.15585
2506.15681
2506.15710
2506.15864
2506.15900
2506.15993
2506.15996
2506.16043
2506.16064
2506.16065
2506.16141
2506.16388
2506.16411
2506.16473
2506.16500
2506.16504
2506.16698
2506.16750
2506.16758
2506.16769
2506.16791
2506.16950
2506.16975
2506.17001
2506.17074
2506.17104
2506.17201
2506.17221
2506.17315
2506.17376
2506.17453
2506.17494
2506.17517
2506.17525
2506.18110
2506.18167
2506.18187
2506.18220
2506.18254
2506.18349
2506.18501
2506.18543
2506.18552
2506.18564
2506.18599
2506.18631
2506.18680
2506.18735
2506.18781
2506.18810
2506.18839
2506.18879
2506.18880
2506.18896
2506.18977
2506.19006
2506.19041
2506.19172
2506.19232
2506.19235
2506.19307
2506.19662
2506.19676
2506.19766
2506.19839
2506.19985
2506.20009
2506.20024
2506.20091
2506.20223
2506.20249
2506.20587
2506.20639
2506.20660
2506.20695
2506.20706
2506.20707
2506.20752
2506.20923
2506.20994
2506.21101
2506.21117
2506.21281
2506.21354
2506.21416
2506.21510
2506.21520
2506.21539
2506.21552
2506.21562
2506.21587
2506.21609
2506.21688
2506.21718
2506.21757
2506.21780
2506.21852
2506.21875
2506.22049
2506.22069
2506.22367
2506.22408
2506.22419
2506.22426
2506.22523
2506.22581
2506.22626
2506.22646
2506.22742
2506.22776
2506.23012
2506.23060
2506.23090
2506.23128
2506.23139
2506.23255
2506.23357
2506.23387
2506.23388
2506.23563
2506.23855
2506.23869
2506.23929
2506.23971
2506.23992
2506.24057
2506.24068
2506.24106
2506.24113
2507.00014
2507.00191
2507.00192
2507.00246
2507.00299
2507.00306
2507.00355
2507.00418
2507.00425
2507.00583
2507.00634
2507.00657
2507.00750
2507.00921
2507.00951
2507.00969
2507.00992
2507.01004
2507.01006
2507.01028
2507.01031
2507.01129
2507.01151
2507.01153
2507.01284
2507.01603
2507.01620
2507.01738
2507.01770
2507.01807
2507.01862
2507.01903
2507.01926
2507.01931
2507.01957
2507.01970
2507.02036
2507.02083
2507.02087
2507.02139
2507.02145
2507.02205
2507.02284
2507.02355
2507.02541
2507.02618
2507.02664
2507.02754
2507.02770
2507.02782
2507.02806
2507.02869
2507.02911
2507.02931
2507.02964
2507.02994
2507.03050
2507.03114
2507.03578
2507.03963
2507.04054
2507.04147
2507.04272
2507.04329
2507.04476
2507.04503
2507.04545
2507.04618
2507.04697
2507.04699
2507.04701
2507.04786
2507.04827
2507.04952
2507.05197
2507.05201
2507.05212
2507.05300
2507.05301
2507.05411
2507.05432
2507.05495
2507.05513
2507.05517
2507.05578
2507.05601
2507.05686
2507.05687
2507.05724
2507.05791
2507.05918
2507.05945
2507.05965
2507.06059
2507.06157
2507.06256
2507.06261
2507.06277
2507.06293
2507.06378
2507.06457
2507.06484
2507.06510
2507.06512
2507.06543
2507.06561
2507.06571
2507.06607
2507.06639
2507.06646
2507.06812
2507.07024
2507.07120
2507.07155
2507.07173
2507.07210
2507.07248
2507.07341
2507.07380
2507.07439
2507.07966
2507.07999
2507.08027
2507.08080
2507.08144
2507.08191
2507.08244
2507.08473
2507.08586
2507.08619
2507.08621
2507.08801
2507.08953
2507.09003
2507.09122
2507.09226
2507.09404
2507.09428
2507.09435
2507.09461
2507.09466
2507.09582
2507.09662
2507.09720
2507.09772
2507.09797
2507.09850
2507.09875
2507.09929
2507.09955
2507.10135
2507.10150
2507.10200
2507.10468
2507.10473
2507.10541
2507.10576
2507.10618
2507.10629
2507.10747
2507.10789
2507.10860
2507.10865
2507.10889
2507.10933
2507.11072
2507.11145
2507.11303
2507.11407
2507.11437
2507.11484
2507.11502
2507.11542
2507.11630
2507.11730
2507.11830
2507.11851
2507.11941
2507.12415
2507.12466
2507.12607
2507.12638
2507.12721
2507.12950
2507.13136
2507.13169
2507.13249
2507.13264
2507.13300
2507.13332
2507.13334
2507.13409
2507.13450
2507.13469
2507.13494
2507.13573
2507.13575
2507.13601
2507.13609
2507.13670
2507.13707
2507.13745
2507.14074
2507.14111
2507.14130
2507.14132
2507.14195
2507.14222
2507.14235
2507.14278
2507.14335
2507.14355
2507.14372
2507.14377
2507.14382
2507.14465
2507.14570
2507.14681
2507.14707
2507.14755
2507.14769
2507.14818
2507.14843
2507.14902
2507.14920
2507.15061
2507.15113
2507.15263
2507.15339
2507.15395
2507.15493
2507.15501
2507.15692
2507.15763
2507.15771
2507.15776
2507.15790
2507.15849
2507.15863
2507.15882
2507.15974
2507.15975
2507.16003
2507.16011
2507.16045
2507.16117
2507.16135
2507.16229
2507.16245
2507.16535
2507.16572
2507.16632
2507.16781
2507.16793
2507.16815
2507.16860
2507.16887
2507.17048
2507.17119
2507.17123
2507.17125
2507.17175
2507.17214
2507.17248
2507.17317
2507.17353
2507.17629
2507.17699
2507.17852
2507.17944
2507.17963
2507.18014
2507.18071
2507.18084
2507.18104
2507.18268
2507.18356
2507.18398
2507.18446
2507.18510
2507.18551
2507.18553
2507.18572
2507.18624
2507.18753
2507.18755
2507.18758
2507.18842
2507.18892
2507.18905
2507.19239
2507.19271
2507.19419
2507.19427
2507.19492
2507.19849
2507.19969
2507.19975
2507.20105
2507.20122
2507.20199
2507.20534
2507.20543
2507.20673
2507.20745
2507.20939
2507.20999
2507.21046
2507.21105
2507.21115
2507.21275
2507.21290
2507.21298
2507.21327
2507.21790
2507.21809
2507.21837
2507.21988
2507.22047
2507.22062
2507.22080
2507.22121
2507.22224
2507.22233
2507.22234
2507.22329
2507.22347
2507.22445
2507.22448
2507.22864
2507.22958
2507.23015
2507.23079
2507.23091
2507.23093
2507.23134
2507.23159
2507.23181
2507.23336
2507.23432
2507.23483
2507.23488
2507.23590
2507.23682
2507.23779
2507.23782
2508.00062
2508.00067
2508.00073
2508.00211
2508.00230
2508.00240
2508.00419
2508.00548
2508.00557
2508.00741
2508.00743
2508.00751
2508.00838
2508.01048
2508.01079
2508.01096
2508.01116
2508.01159
2508.01191
2508.01235
2508.01464
2508.01604
2508.01880
2508.01894
2508.02088
2508.02120
2508.02173
2508.02193
2508.02324
2508.02343
2508.02402
2508.02442
2508.02495
2508.02502
2508.02520
2508.02609
2508.02748
2508.02792
2508.02801
2508.02822
2508.02833
2508.03513
2508.03716
2508.03852
2508.03923
2508.03931
2508.04039
2508.04053
2508.04063
2508.04086
2508.04118
2508.04138
2508.04146
2508.04206
2508.04390
2508.04399
2508.04423
2508.04440
2508.04442
2508.04448
2508.04604
2508.04650
2508.04651
2508.04665
2508.04748
2508.04814
2508.04830
2508.04846
2508.04946
2508.05028
2508.05257
2508.05287
2508.05352
2508.05364
2508.05629
2508.05668
2508.05700
2508.05748
2508.05772
2508.05796
2508.05838
2508.05864
2508.05904
2508.05925
2508.05982
2508.05997
2508.06065
2508.06103
2508.06145
2508.06146
2508.06339
2508.06471
2508.06585
2508.06601
2508.06649
2508.06674
2508.06763
2508.06811
2508.06947
2508.06978
2508.07101
2508.07111
2508.07184
2508.07260
2508.07454
2508.07574
2508.07647
2508.07766
2508.07905
2508.07917
2508.07964
2508.08004
2508.08020
2508.08048
2508.08051
2508.08098
2508.08121
2508.08143
2508.08266
2508.08326
2508.08345
2508.08401
2508.08430
2508.08437
2508.08531
2508.08610
2508.08700
2508.08720
2508.08846
2508.08896
2508.09036
2508.09101
2508.09337
2508.09422
2508.09426
2508.09450
2508.09568
2508.09736
2508.09932
2508.09937
2508.09949
2508.09956
2508.09993
2508.10057
2508.10089
2508.10104
2508.10122
2508.10157
2508.10180
2508.10231
2508.10420
2508.10478
2508.10711
2508.10875
2508.10881
2508.10916
2508.10925
2508.10948
2508.10985
2508.11021
2508.11276
2508.11318
2508.11442
2508.11486
2508.11494
2508.11632
2508.11739
2508.11747
2508.11884
2508.11886
2508.11987
2508.12109
2508.12140
2508.12153
2508.12301
2508.12461
2508.12473
2508.12569
2508.12585
2508.12615
2508.12622
2508.13120
2508.13163
2508.13197
2508.13337
2508.13365
2508.13382
2508.13426
2508.13484
2508.13523
2508.13676
2508.13682
2508.13804
2508.13908
2508.13918
2508.14013
2508.14029
2508.14067
2508.14160
2508.14176
2508.14260
2508.14273
2508.14278
2508.14306
2508.14395
2508.14416
2508.14420
2508.14444
2508.14460
2508.14485
2508.14493
2508.14511
2508.14771
2508.14909
2508.14971
2508.15089
2508.15202
2508.15281
2508.15420
2508.15593
2508.15635
2508.15760
2508.15763
2508.15804
2508.15816
2508.15825
2508.15832
2508.15881
2508.15987
2508.16009
2508.16095
2508.16153
2508.16401
2508.16449
2508.16546
2508.16607
2508.16639
2508.16672
2508.16695
2508.16700
2508.16720
2508.16725
2508.16754
2508.16775
2508.16865
2508.16908
2508.16930
2508.16932
2508.17115
2508.17145
2508.17292
2508.17445
2508.17468
2508.17494
2508.17803
2508.17857
2508.18106
2508.18118
2508.18206
2508.18255
2508.18265
2508.18389
2508.18701
2508.18823
2508.18850
2508.19008
2508.19192
2508.19205
2508.19242
2508.19259
2508.19269
2508.19492
2508.19502
2508.19559
2508.19588
2508.19774
2508.19932
2508.20088
2508.20136
2508.20148
2508.20179
2508.20228
2508.20250
2508.20263
2508.20396
2508.20474
2508.20560
2508.20691
2508.20798
2508.20914
2508.20941
2508.20999
2508.21032
2508.21038
2508.21084
2508.21085
2508.21184
2508.21208
2508.21267
2508.21377
2508.21460
2508.21634
2508.21640
2508.21712
2508.21748
2509.00073
2509.00078
2509.00093
2509.00132
2509.00221
2509.00244
2509.00372
2509.00375
2509.00509
2509.00520
2509.00649
2509.00670
2509.00731
2509.01028
2509.01106
2509.01215
2509.01322
2509.01393
2509.01616
2509.01694
2509.01983
2509.01993
2509.02036
2509.02046
2509.02208
2509.02279
2509.02464
2509.02530
2509.02544
2509.02547
2509.02615
2509.02666
2509.02825
2509.03079
2509.03344
2509.03501
2509.03613
2509.03615
2509.03682
2509.03728
2509.03764
2509.03804
2509.03816
2509.03822
2509.03963
2509.03969
2509.03984
2509.04012
2509.04015
2509.04019
2509.04020
2509.04151
2509.04185
2509.04243
2509.04292
2509.04337
2509.04499
2509.04545
2509.04644
2509.04664
2509.04696
2509.04699
2509.04705
2509.04773
2509.04833
2509.05209
2509.05276
2509.05292
2509.05326
2509.05397
2509.05407
2509.05414
2509.05460
2509.05486
2509.05689
2509.06033
2509.06224
2509.06327
2509.06338
2509.06401
2509.06452
2509.06501
2509.06503
2509.06580
2509.06784
2509.06942
2509.06950
2509.06966
2509.07107
2509.07361
2509.07365
2509.07431
2509.07506
2509.07519
2509.07587
2509.07594
2509.07604
2509.07929
2509.08025
2509.08108
2509.08146
2509.08215
2509.08407
2509.08498
2509.08643
2509.08649
2509.08721
2509.08747
2509.08777
2509.08778
2509.08827
2509.08839
2509.08890
2509.09022
2509.09055
2509.09234
2509.09249
2509.09285
2509.09464
2509.09645
2509.09690
2509.09704
2509.09729
2509.09852
2509.09873
2509.09950
2509.10029
2509.10289
2509.10371
2509.10500
2509.10596
2509.10655
2509.10678
2509.10687
2509.10707
2509.10729
2509.10764
2509.10782
2509.10830
2509.10843
2509.10849
2509.10950
2509.10957
2509.10962
2509.10971
2509.10993
2509.11023
2509.11127
2509.11353
2509.11465
2509.11485
2509.11498
2509.11552
2509.11622
2509.11845
2509.11964
2509.12012
2509.12098
2509.12140
2509.12152
2509.12229
2509.12311
2509.12313
2509.12423
2509.12455
2509.12464
2509.12482
2509.12490
2509.12517
2509.12815
2509.12838
2509.12876
2509.13160
2509.13196
2509.13255
2509.13310
2509.13311
2509.13324
2509.13332
2509.13359
2509.13391
2509.13608
2509.13648
2509.13747
2509.13758
2509.13766
2509.13911
2509.13997
2509.14016
2509.14033
2509.14128
2509.14233
2509.14476
2509.14545
2509.14555
2509.14622
2509.14786
2509.14922
2509.14930
2509.14931
2509.15012
2509.15013
2509.15212
2509.15246
2509.15248
2509.15377
2509.15478
2509.15496
2509.15591
2509.15629
2509.15662
2509.15692
2509.15746
2509.15845
2509.15860
2509.15926
2509.16084
2509.16107
2509.16197
2509.16198
2509.16293
2509.16328
2509.16374
2509.16400
2509.16407
2509.16447
2509.16772
2509.16779
2509.16971
2509.17238
2509.17268
2509.17329
2509.17396
2509.17404
2509.17418
2509.17467
2509.17488
2509.17523
2509.17567
2509.17675
2509.17701
2509.17744
2509.17765
2509.17979
2509.17995
2509.18053
2509.18092
2509.18095
2509.18101
2509.18119
2509.18154
2509.18159
2509.18193
2509.18272
2509.18343
2509.18480
2509.18521
2509.18552
2509.18631
2509.18664
2509.18716
2509.18843
2509.18883
2509.18890
2509.18967
2509.19086
2509.19087
2509.19094
2509.19232
2509.19300
2509.19346
2509.19367
2509.19902
2509.19928
2509.19937
2509.20088
2509.20186
2509.20189
2509.20205
2509.20241
2509.20317
2509.20328
2509.20354
2509.20388
2509.20404
2509.20497
2509.20544
2509.20571
2509.20624
2509.20982
2509.21081
2509.21224
2509.21233
2509.21245
2509.21271
2509.21273
2509.21319
2509.21527
2509.21656
2509.21679
2509.21820
2509.21880
2509.21890
2509.21949
2509.22220
2509.22283
2509.22359
2509.22472
2509.22546
2509.22563
2509.22611
2509.22613
2509.22622
2509.22624
2509.22647
2509.22685
2509.22737
2509.22819
2509.22827
2509.22858
2509.22935
2509.22951
2509.22979
2509.23012
2509.23018
2509.23045
2509.23102
2509.23196
2509.23202
2509.23258
2509.23368
2509.23501
2509.23525
2509.23542
2509.23572
2509.23630
2509.23661
2509.23676
2509.23761
2509.23873
2509.23882
2509.23951
2509.24006
2509.24244
2509.24303
2509.24317
2509.24394
2509.24405
2509.24439
2509.24507
2509.24592
2509.24650
2509.24663
2509.24695
2509.24726
2509.24730
2509.24773
2509.24827
2509.24945
2509.25001
2509.25047
2509.25084
2509.25127
2509.25149
2509.25161
2509.25173
2509.25180
2509.25182
2509.25185
2509.25266
2509.25283
2509.25331
2509.25344
2509.25348
2509.25454
2509.25492
2509.25519
2509.25666
2509.25760
2509.25810
2509.25849
2509.26030
2509.26056
2509.26217
2509.26328
2509.26483
2509.26490
2509.26506
2509.26539
2509.26557
2509.26617
2509.26618
2510.00045
2510.00103
2510.00160
2510.00174
2510.00204
2510.00231
2510.00255
2510.00304
2510.00350
2510.00392
2510.00438
2510.00446
2510.00490
2510.00494
2510.00829
2510.00866
2510.00938
2510.00962
2510.01180
2510.01203
2510.01238
2510.01255
2510.01259
2510.01265
2510.01266
2510.01285
2510.01329
2510.01392
2510.01397
2510.01457
2510.01524
2510.01529
2510.01533
2510.01582
2510.01583
2510.01718
2510.01812
2510.01909
2510.01963
2510.01982
2510.02073
2510.02125
2510.02173
2510.02180
2510.02283
2510.02313
2510.02351
2510.02375
2510.02387
2510.02544
2510.02567
2510.02572
2510.02745
2510.03018
2510.03032
2510.03089
2510.03200
2510.03222
2510.03257
2510.03259
2510.03264
2510.03270
2510.03297
2510.03425
2510.03451
2510.03470
2510.03472
2510.03486
2510.03495
2510.03605
2510.03659
2510.03721
2510.03752
2510.03847
2510.03872
2510.03916
2510.03964
2510.04008
2510.04124
2510.04142
2510.04212
2510.04290
2510.04349
2510.04452
2510.04493
2510.04553
2510.04573
2510.04584
2510.04618
2510.04637
2510.04729
2510.04795
2510.04851
2510.04852
2510.04871
2510.04964
2510.05019
2510.05021
2510.05037
2510.05092
2510.05122
2510.05125
2510.05139
2510.05157
2510.05396
2510.05490
2510.05586
2510.05598
2510.05660
2510.05681
2510.05702
2510.05742
2510.05771
2510.05904
2510.06215
2510.06239
2510.06378
2510.06499
2510.06504
2510.06531
2510.06552
2510.06603
2510.06657
2510.06673
2510.06697
2510.06788
2510.06825
2510.06872
2510.06889
2510.06902
2510.06912
2510.06931
2510.06957
2510.06996
2510.07043
2510.07067
2510.07203
2510.07221
2510.07309
2510.07314
2510.07315
2510.07318
2510.07359
2510.07364
2510.07380
2510.07545
2510.07592
2510.07638
2510.07657
2510.07784
2510.07974
2510.08002
2510.08003
2510.08048
2510.08095
2510.08189
2510.08203
2510.08409
2510.08439
2510.08558
2510.08602
2510.08734
2510.08847
2510.09030
2510.09201
2510.09492
2510.09561
2510.09724
2510.09733
2510.09795
2510.09857
2510.09864
2510.09874
2510.09879
2510.10331
2510.10401
2510.10409
2510.10440
2510.10494
2510.10524
2510.10620
2510.10637
2510.10726
2510.10824
2510.10840
2510.11035
2510.11043
2510.11057
2510.11088
2510.11098
2510.11138
2510.11317
2510.11359
2510.11369
2510.11391
2510.11525
2510.11528
2510.11558
2510.11560
2510.11653
2510.11683
2510.11690
2510.11693
2510.11696
2510.11701
2510.11703
2510.11797
2510.11852
2510.11941
2510.11967
2510.12083
2510.12302
2510.12333
2510.12345
2510.12652
2510.12679
2510.12709
2510.12766
2510.12782
2510.12798
2510.12801
2510.12888
2510.12972
2510.12995
2510.13054
2510.13151
2510.13161
2510.13173
2510.13223
2510.13291
2510.13403
2510.13554
2510.13587
2510.13602
2510.13632
2510.13696
2510.13724
2510.13741
2510.13749
2510.13786
2510.13802
2510.13804
2510.13867
2510.13906
2510.13977
2510.13998
2510.14014
2510.14146
2510.14162
2510.14223
2510.14249
2510.14276
2510.14308
2510.14406
2510.14528
2510.14589
2510.14616
2510.14630
2510.14809
2510.14826
2510.14927
2510.14943
2510.14976
2510.15001
2510.15009
2510.15026
2510.15042
2510.15110
2510.15152
2510.15201
2510.15227
2510.15247
2510.15346
2510.15510
2510.15749
2510.15802
2510.15808
2510.15821
2510.15831
2510.15870
2510.15884
2510.15926
2510.16091
2510.16116
2510.16124
2510.16226
2510.16251
2510.16259
2510.16333
2510.16476
2510.16531
2510.16604
2510.16997
2510.17028
2510.17147
2510.17439
2510.17744
2510.17793
2510.17800
2510.18077
2510.18081
2510.18112
2510.18121
2510.18206
2510.18214
2510.18234
2510.18245
2510.18277
2510.18501
2510.18508
2510.18573
2510.18587
2510.18692
2510.18791
2510.18863
2510.18873
2510.18874
2510.18876
2510.18880
2510.18902
2510.18941
2510.18946
2510.19006
2510.19016
2510.19132
2510.19307
2510.19331
2510.19336
2510.19338
2510.19363
2510.19368
2510.19509
2510.19747
2510.19765
2510.19792
2510.19801
2510.19808
2510.19817
2510.19866
2510.19886
2510.19888
2510.19895
2510.19898
2510.19944
2510.20098
2510.20119
2510.20193
2510.20260
2510.20286
2510.20342
2510.20521
2510.20579
2510.20653
2510.20703
2510.20771
2510.20820
2510.20860
2510.20887
2510.20888
2510.20909
2510.20941
2510.21011
2510.21027
2510.21034
2510.21049
2510.21120
2510.21320
2510.21346
2510.21418
2510.21450
2510.21571
2510.21711
2510.21714
2510.21730
2510.21839
2510.21861
2510.21933
2510.21978
2510.21986
2510.22040
2510.22101
2510.22115
2510.22200
2510.22211
2510.22251
2510.22389
2510.22415
2510.22729
2510.22733
2510.22874
2510.22975
2510.22977
2510.23095
2510.23272
2510.23521
2510.23538
2510.23603
2510.23621
2510.23669
2510.23691
2510.23723
2510.24247
2510.24259
2510.24373
2510.24405
2510.24434
2510.24435
2510.24563
2510.24655
2510.24693
2510.24694
2510.24695
2510.24697
2510.24698
2510.24699
2510.24701
2510.24762
2510.24796
2510.24810
2510.24823
2510.24824
2510.25015
2510.25079
2510.25092
2510.25201
2510.25500
2510.25588
2510.25682
2510.25741
2510.25779
2510.26020
2510.26196
2510.26396
2510.26692
2510.26697
2510.26768
2510.26788
2510.26877
2510.26890
2510.27051
2510.27258
2510.27339
2510.27571
2510.27583
2510.27606
2510.27613
2510.27656
2511.00037
2511.00062
2511.00088
2511.00279
2511.00439
2511.00467
2511.00588
2511.00837
2511.00839
2511.00926
2511.00958
2511.01001
2511.01014
2511.01168
2511.01298
2511.01354
2511.01596
2511.01610
2511.01678
2511.01923
2511.02014
2511.02178
2511.02192
2511.02233
2511.02280
2511.02302
2511.02516
2511.02589
2511.02687
2511.02767
2511.02779
2511.03080
2511.03146
2511.03174
2511.03261
2511.03361
2511.03457
2511.03601
2511.03773
2511.03782
2511.03792
2511.03844
2511.03929
2511.03986
2511.03996
2511.04036
2511.04214
2511.04234
2511.04432
2511.04481
2511.04623
2511.04678
2511.04681
2511.04758
2511.04768
2511.04847
2511.04860
2511.04869
2511.05080
2511.05114
2511.05170
2511.05184
2511.05489
2511.05491
2511.05502
2511.05627
2511.05664
2511.05705
2511.05708
2511.05874
2511.05933
2511.05952
2511.05958
2511.06221
2511.06251
2511.06307
2511.06559
2511.06722
2511.06777
2511.06995
2511.07025
2511.07205
2511.07280
2511.07299
2511.07328
2511.07416
2511.07437
2511.07517
2511.07566
2511.07663
2511.07924
2511.08083
2511.08195
2511.08343
2511.08567
2511.08824
2511.08881
2511.08892
2511.08923
2511.09124
2511.09135
2511.09143
2511.09158
2511.09289
2511.09313
2511.09394
2511.09515
2511.09611
2511.09710
2511.09748
2511.09794
2511.10030
2511.10093
2511.10262
2511.10289
2511.10443
2511.10643
2511.10647
2511.10693
2511.10752
2511.10819
2511.10903
2511.10909
2511.10984
2511.11012
2511.11238
2511.11265
2511.11572
2511.11584
2511.11621
2511.11698
2511.11930
2511.11940
2511.12018
2511.12439
2511.12457
2511.12905
2511.12932
2511.13112
2511.13182
2511.13223
2511.13647
2511.13655
2511.13699
2511.13732
2511.13764
2511.13771
2511.13778
2511.13782
2511.13841
2511.13892
2511.13940
2511.14248
2511.14255
2511.14410
2511.14452
2511.14567
2511.14760
2511.14850
2511.14856
2511.14881
2511.15061
2511.15076
2511.15080
2511.15186
2511.15244
2511.15256
2511.15352
2511.15510
2511.15593
2511.15703
2511.15705
2511.15745
2511.15848
2511.15915
2511.16024
2511.16046
2511.16317
2511.16450
2511.16470
2511.16615
2511.16624
2511.16664
2511.16734
2511.17138
2511.17462
2511.17502
2511.17516
2511.17554
2511.17666
2511.17683
2511.17838
2511.18013
2511.18098
2511.18261
2511.18268
2511.18272
2511.18397
2511.18405
2511.18619
2511.18640
2511.18643
2511.18659
2511.18674
2511.18687
2511.18749
2511.18870
2511.18890
2511.18906
2511.19269
2511.19333
2511.19484
2511.19575
2511.19633
2511.19663
2511.20013
2511.20019
2511.20102
2511.20104
2511.20337
2511.20347
2511.20455
2511.20462
2511.20478
2511.20645
2511.20701
2511.20714
2511.20854
2511.20963
2511.21015
2511.21016
2511.21322
2511.21448
2511.21474
2511.21541
2511.21579
2511.21631
2511.21689
2511.21736
2511.21750
2511.21761
2511.21891
2511.21930
2511.21989
2511.22047
2511.22172
2511.22240
2511.22396
2511.22475
2511.22570
2511.22586
2511.22598
2511.22625
2511.22677
2511.22699
2511.22759
2511.22929
2511.22973
2511.23166
2511.23408
2511.23429
2512.00083
2512.00136
2512.00323
2512.00332
2512.00370
2512.00392
2512.00511
2512.00601
2512.00846
2512.00888
2512.00956
2512.00991
2512.01198
2512.01222
2512.01340
2512.01351
2512.01374
2512.01685
2512.01801
2512.02010
2512.02038
2512.02072
2512.02185
2512.02189
2512.02351
2512.02423
2512.02488
2512.02502
2512.02551
2512.02556
2512.02584
2512.02689
2512.03451
2512.03643
2512.03697
2512.03736
2512.03749
2512.03793
2512.03915
2512.03940
2512.03979
2512.04000
2512.04009
2512.04069
2512.04150
2512.04262
2512.04265
2512.04324
2512.04367
2512.04447
2512.04508
2512.04555
2512.04797
2512.04981
2512.05073
2512.05111
2512.05137
2512.05294
2512.05323
2512.05339
2512.05394
2512.05519
2512.05528
2512.05616
2512.05681
2512.05905
2512.06060
2512.06061
2512.06065
2512.06120
2512.06206
2512.06254
2512.06476
2512.06490
2512.06493
2512.06744
2512.06781
2512.06841
2512.06923
2512.07000
2512.07004
2512.07005
2512.07159
2512.07311
2512.07424
2512.07497
2512.07559
2512.07584
2512.07667
2512.07713
2512.07783
2512.07846
2512.07983
2512.08057
2512.08269
2512.08296
2512.08448
2512.08765
2512.08810
2512.08868
2512.08894
2512.08970
2512.08980
2512.09207
2512.09322
2512.09577
2512.09772
2512.09864
2512.09892
2512.10169
2512.10391
2512.10398
2512.10408
2512.10425
2512.10576
2512.10675
2512.10685
2512.10739
2512.10791
2512.10809
2512.10888
2512.10938
2512.10941
2512.10943
2512.10955
2512.11130
2512.11251
2512.11474
2512.11544
2512.11615
2512.11851
2512.11882
2512.11926
2512.12004
2512.12066
2512.12087
2512.12140
2512.12345
2512.12443
2512.12488
2512.12716
2512.12783
2512.12812
2512.12850
2512.12895
2512.12913
2512.12949
2512.12967
2512.13006
2512.13280
2512.13368
2512.13396
2512.13503
2512.13507
2512.13561
2512.13564
2512.13592
2512.13607
2512.13672
2512.13687
2512.13699
2512.13706
2512.13874
2512.13950
2512.13961
2512.14019
2512.14064
2512.14067
2512.14080
2512.14197
2512.14273
2512.14291
2512.14336
2512.14614
2512.14681
2512.14691
2512.14692
2512.14698
2512.14706
2512.14801
2512.14965
2512.14982
2512.15081
2512.15176
2512.15431
2512.15489
2512.15586
2512.15603
2512.15649
2512.15696
2512.15702
2512.15715
2512.15745
2512.15776
2512.15804
2512.15861
2512.15921
2512.15926
2512.16093
2512.16099
2512.16227
2512.16250
2512.16271
2512.16287
2512.16301
2512.16391
2512.16530
2512.16541
2512.16649
2512.16676
2512.16698
2512.16912
2512.16914
2512.16920
2512.16969
2512.17012
2512.17040
2512.17206
2512.17260
2512.17277
2512.17375
2512.17504
2512.17557
2512.17562
2512.17646
2512.17827
2512.17901
2512.18099
2512.18131
2512.18133
2512.18181
2512.18224
2512.18375
2512.18466
2512.18519
2512.18597
2512.18966
2512.19202
2512.19297
2512.19415
2512.19432
2512.19539
2512.19687
2512.20029
2512.20182
2512.20344
2512.20399
2512.20557
2512.20617
2512.20632
2512.20662
2512.20745
2512.20848
2512.20856
2512.20860
2512.20927
2512.21010
2512.21110
2512.21238
2512.21252
2512.21578
2512.21697
2512.21734
2512.21746
2512.21789
2512.22047
2512.22125
2512.22215
2512.22238
2512.22382
2512.22387
2512.22525
2512.22664
2512.22737
2512.22955
2512.23117
2512.23162
2512.23165
2512.23222
2512.23236
2512.23394
2512.23447
2512.23464
2512.23647
2512.23652
2512.23675
2512.23676
2512.23805
2512.23904
2512.23927
2512.23966
2512.23988
2512.24092
2512.24098
2512.24210
2512.24314
2512.24440
2512.24497
2512.24498
2512.24505
2512.24526
2512.24617
2512.24618
2512.24834
2512.24873
2512.24880
2601.00057
2601.00059
2601.00110
2601.00218
2601.00394
2601.00417
2601.00514
2601.00635
2601.00788
2601.00829
2601.00848
2601.00857
2601.00869
2601.00936
2601.01011
2601.01066
2601.01095
2601.01235
2601.01244
2601.01265
2601.01391
2601.01425
2601.01480
2601.01514
2601.01739
2601.01888
2601.01915
2601.02002
2601.02022
2601.02023
2601.02123
2601.02158
2601.02204
2601.02211
2601.02256
2601.02298
2601.02306
2601.02357
2601.02427
2601.02554
2601.02580
2601.02601
2601.02671
2601.02728
2601.02736
2601.02764
2601.02768
2601.02785
2601.02788
2601.02830
2601.03030
2601.03047
2601.03115
2601.03211
2601.03267
2601.03324
2601.03398
2601.03422
2601.03423
2601.03467
2601.03570
2601.03649
2601.03714
2601.03723
2601.03754
2601.03832
2601.04147
2601.04210
2601.04250
2601.04254
2601.04301
2601.04311
2601.04354
2601.04403
2601.04421
2601.04426
2601.04458
2601.04487
2601.04489
2601.04544
2601.04553
2601.04696
2601.04720
2601.04765
2601.04790
2601.04878
2601.05034
2601.05047
2601.05056
2601.05137
2601.05138
2601.05174
2601.05214
2601.05239
2601.05242
2601.05257
2601.05266
2601.05296
2601.05388
2601.05425
2601.05432
2601.05503
2601.05593
2601.05637
2601.05732
2601.05833
2601.05918
2601.05935
2601.05941
2601.05943
2601.05972
2601.06002
2601.06021
2601.06033
2601.06047
2601.06106
2601.06151
2601.06154
2601.06202
2601.06268
2601.06297
2601.06378
2601.06487
2601.06707
2601.06791
2601.06802
2601.06873
2601.06911
2601.06953
2601.07169
2601.07226
2601.07349
2601.07365
2601.07381
2601.07421
2601.07526
2601.07600
2601.07629
2601.07772
2601.07782
2601.07786
2601.07832
2601.07849
2601.07877
2601.07892
2601.07925
2601.08000
2601.08077
2601.08082
2601.08109
2601.08237
2601.08239
2601.08258
2601.08415
2601.08521
2601.08559
2601.08584
2601.08605
2601.08665
2601.08808
2601.08811
2601.08828
2601.08829
2601.08881
2601.08900
2601.09012
2601.09029
2601.09088
2601.09142
2601.09257
2601.09258
2601.09385
2601.09441
2601.09473
2601.09527
2601.09538
2601.09575
2601.09600
2601.09668
2601.09708
2601.09873
2601.09881
2601.09896
2601.09951
2601.09994
2601.10055
2601.10103
2601.10109
2601.10188
2601.10193
2601.10253
2601.10305
2601.10355
2601.10441
2601.10477
2601.10506
2601.10527
2601.10598
2601.10611
2601.10660
2601.10671
2601.10693
2601.10719
2601.10781
2601.10795
2601.10877
2601.10936
2601.10939
2601.10956
2601.11141
2601.11432
2601.11464
2601.11496
2601.11516
2601.11540
2601.11566
2601.11595
2601.11608
2601.11711
2601.11743
2601.11766
2601.11798
2601.11824
2601.11835
2601.11845
2601.11853
2601.11866
2601.12132
2601.12175
2601.12270
2601.12276
2601.12390
2601.12538
2601.12586
2601.12611
2601.12618
2601.12648
2601.12735
2601.12967
2601.13063
2601.13123
2601.13187
2601.13232
2601.13268
2601.13356
2601.13460
2601.13520
2601.13600
2601.13655
2601.13671
2601.13697
2601.13969
2601.13976
2601.14082
2601.14101
2601.14127
2601.14163
2601.14170
2601.14243
2601.14250
2601.14256
2601.14268
2601.14319
2601.14422
2601.14440
2601.14466
2601.14471
2601.14506
2601.14528
2601.14566
2601.14569
2601.14641
2601.14826
2601.14914
2601.14949
2601.15262
2601.15278
2601.15282
2601.15288
2601.15334
2601.15390
2601.15552
2601.15572
2601.15605
2601.15607
2601.15621
2601.15873
2601.15876
2601.15892
2601.16006
2601.16032
2601.16093
2601.16163
2601.16172
2601.16192
2601.16206
2601.16513
2601.16725
2601.16746
2601.16901
2601.16908
2601.16926
2601.16942
2601.17097
2601.17124
2601.17237
2601.17270
2601.17406
2601.17526
2601.17636
2601.17668
2601.17676
2601.17737
2601.17782
2601.17799
2601.17897
2601.18054
2601.18137
2601.18140
2601.18150
2601.18184
2601.18199
2601.18218
2601.18261
2601.18334
2601.18428
2601.18513
2601.18690
2601.18747
2601.18886
2601.18949
2601.18962
2601.19016
2601.19065
2601.19066
2601.19109
2601.19132
2601.19134
2601.19139
2601.19143
2601.19153
2601.19168
2601.19228
2601.19237
2601.19360
2601.19382
2601.19494
2601.19711
2601.19798
2601.19834
2601.19851
2601.19891
2601.19895
2601.19970
2601.20048
2601.20083
2601.20115
2601.20118
2601.20126
2601.20150
2601.20160
2601.20165
2601.20175
2601.20218
2601.20241
2601.20245
2601.20299
2601.20354
2601.20430
2601.20499
2601.20552
2601.20789
2601.20795
2601.20836
2601.20861
2601.20929
2601.21111
2601.21115
2601.21132
2601.21146
2601.21165
2601.21183
2601.21204
2601.21244
2601.21334
2601.21337
2601.21420
2601.21571
2601.21716
2601.21920
2601.21937
2601.21957
2601.21960
2601.21965
2601.21976
2601.22076
2601.22082
2601.22156
2601.22196
2601.22201
2601.22334
2601.22362
2601.22377
2601.22433
2601.22440
2601.22474
2601.22585
2601.22680
2601.22759
2601.22802
2601.22813
2601.22859
2601.22975
2601.23062
2601.23161
2602.00018
2602.00095
2602.00103
2602.00108
2602.00164
2602.00259
2602.00343
2602.00380
2602.00440
2602.00493
2602.00747
2602.00773
2602.01023
2602.01044
2602.01058
2602.01469
2602.01494
2602.01546
2602.01617
2602.01658
2602.01675
2602.01684
2602.02005
2602.02092
2602.02104
2602.02160
2602.02254
2602.02275
2602.02276
2602.02343
2602.02361
2602.02442
2602.02472
2602.02477
2602.02486
2602.02514
2602.02537
2602.02539
2602.02635
2602.02660
2602.02785
2602.02790
2602.02929
2602.02932
2602.02961
2602.02985
2602.03048
2602.03107
2602.03143
2602.03145
2602.03152
2602.03183
2602.03189
2602.03314
2602.03473
2602.03548
2602.03560
2602.03587
2602.03647
2602.03747
2602.03837
2602.03863
2602.03907
2602.03921
2602.03932
2602.03973
2602.04213
2602.04282
2602.04442
2602.04458
2602.04460
2602.04541
2602.04649
2602.04705
2602.04739
2602.04753
2602.04813
2602.04827
2602.04842
2602.04883
2602.04918
2602.05111
2602.05139
2602.05200
2602.05233
2602.05272
2602.05327
2602.05393
2602.05400
2602.05449
2602.05488
2602.05710
2602.05711
2602.05842
2602.05848
2602.05857
2602.05885
2602.06000
2602.06036
2602.06053
2602.06079
2602.06190
2602.06355
2602.06375
2602.06391
2602.06540
2602.06554
2602.06570
2602.06654
2602.06717
2602.06820
2602.06890
2602.06909
2602.06932
2602.06949
2602.07025
2602.07149
2602.07156
2602.07247
2602.07266
2602.07283
2602.07298
2602.07306
2602.07309
2602.07376
2602.07598
2602.07766
2602.07840
2602.07845
2602.07892
2602.08106
2602.08187
2602.08226
2602.08227
2602.08232
2602.08354
2602.08377
2602.08676
2602.08808
2602.08914
2602.08915
2602.08955
2602.08961
2602.09000
2602.09003
2602.09014
2602.09016
2602.09022
2602.09070
2602.09112
2602.09139
2602.09164
2602.09194
2602.09310
2602.09591
2602.09775
2602.09823
2602.09829
2602.09877
2602.09934
2602.09945
2602.10090
2602.10102
2602.10116
2602.10119
2602.10159
2602.10238
2602.10426
2602.10498
2602.10501
2602.10560
2602.10604
2602.10718
2602.10751
2602.10758
2602.10915
2602.10927
2602.11055
2602.11124
2602.11157
2602.11229
2602.11235
2602.11236
2602.11251
2602.11271
2602.11298
2602.11342
2602.11410
2602.11481
2602.11511
2602.11551
2602.11567
2602.11663
2602.11731
2602.11733
2602.11761
2602.11920
2602.12005
2602.12036
2602.12096
2602.12116
2602.12125
2602.12160
2602.12176
2602.12249
2602.12323
2602.12354
2602.12529
2602.12675
2602.12705
2602.12735
2602.12763
2602.12806
2602.13028
2602.13093
2602.13165
2602.13324
2602.13367
2602.13424
2602.13433
2602.13515
2602.13571
2602.13738
2602.13851
2602.13899
2602.13964
2602.14041
2602.14158
2602.14178
2602.14301
2602.14358
2602.14444
2602.14511
2602.14524
2602.14672
2602.14721
2602.14733
2602.14771
2602.14868
2602.14903
2602.14917
2602.14942
2602.14955
2602.14979
2602.14980
2602.15143
2602.15190
2602.15195
2602.15312
2602.15381
2602.15407
2602.15417
2602.15485
2602.15547
2602.15706
2602.15727
2602.15749
2602.15763
2602.15791
2602.15809
2602.15869
2602.15922
2602.16110
2602.16124
2602.16140
2602.16157
2602.16259
2602.16261
2602.16432
2602.16631
2602.16653
2602.16709
2602.16800
2602.16802
2602.16803
2602.16840
2602.16855
2602.16871
2602.16893
2602.16900
2602.16931
2602.16939
2602.17004
2602.17047
2602.17093
2602.17171
2602.17221
2602.17267
2602.17284
2602.17340
2602.17554
2602.17602
2602.17642
2602.17650
2602.17693
2602.17726
2602.17810
2602.17939
2602.18007
2602.18012
2602.18358
2602.18514
2602.18540
2602.18549
2602.18640
2602.18710
2602.18742
2602.18806
2602.18966
2602.19006
2602.19021
2602.19128
2602.19294
2602.19313
2602.19353
2602.19409
2602.19548
2602.19560
2602.19818
2602.19837
2602.19873
2602.20022
2602.20031
2602.20117
2602.20130
2602.20157
2602.20470
2602.20524
2602.20812
2602.20876
2602.20904
2602.21002
2602.21103
2602.21193
2602.21196
2602.21201
2602.21204
2602.21226
2602.21233
2602.21247
2602.21275
2602.21468
2602.21548
2602.21568
2602.21600
2602.22010
2602.22196
2602.22242
2602.22436
2602.22442
2602.22580
2602.22585
2602.22638
2602.22660
2602.22718
2602.22721
2602.22779
2602.22918
2602.23234
2602.23289
2602.23361
2602.23393
2602.23596
2602.23620
2602.23649
2602.23679
2602.23680
2602.23717
2602.23823
2602.23873
2602.23952
2602.24068
2602.24125
2602.24181
2602.24211
2602.24237
2602.24286
2602.24289
2603.00059
2603.00062
2603.00076
2603.00121
2603.00141
2603.00195
2603.00314
2603.00452
2603.00549
2603.00662
2603.00729
2603.00841
2603.01142
2603.01152
2603.01203
2603.01211
2603.01223
2603.01238
2603.01425
2603.01463
2603.01486
2603.01494
2603.01562
2603.01571
2603.01685
2603.01804
2603.01960
2603.01973
2603.01999
2603.02099
2603.02188
2603.02202
2603.02210
2603.02260
2603.02271
2603.02471
2603.02498
2603.02573
2603.02578
2603.02604
2603.02615
2603.02641
2603.02765
2603.03018
2603.03057
2603.03205
2603.03269
2603.03276
2603.03288
2603.03319
2603.03338
2603.03418
2603.03447
2603.03470
2603.03529
2603.03544
2603.03825
2603.03957
2603.04035
2603.04291
2603.04379
2603.04403
2603.04407
2603.04413
2603.04419
2603.04428
2603.04537
2603.04621
2603.04735
2603.04791
2603.04800
2603.04878
2603.04887
2603.04917
2603.05168
2603.05232
2603.05413
2603.05414
2603.05439
2603.05451
2603.05488
2603.05587
2603.05706
2603.05735
2603.05839
2603.06148
2603.06190
2603.06382
2603.06410
2603.06453
2603.06569
2603.06713
2603.06880
2603.06881
2603.06905
2603.06926
2603.06987
2603.07236
2603.07285
2603.07287
2603.07300
2603.07315
2603.07382
2603.07390
2603.07392
2603.07401
2603.07457
2603.07645
2603.07708
2603.07727
2603.07737
2603.07777
2603.07779
2603.07814
2603.07887
2603.07959
2603.08000
2603.08068
2603.08228
2603.08369
2603.08372
2603.08397
2603.08650
2603.08660
2603.08679
2603.08703
2603.08713
2603.08792
2603.08799
2603.08993
2603.09025
2603.09051
2603.09078
2603.09160
2603.09167
2603.09181
2603.09195
2603.09206
2603.09619
2603.09827
2603.09884
2603.09938
2603.09985
2603.09997
2603.10008
2603.10009
2603.10011
2603.10026
2603.10098
2603.10099
2603.10126
2603.10295
2603.10324
2603.10369
2603.10474
2603.10521
2603.10702
2603.10757
2603.10767
2603.10793
2603.10795
2603.10848
2603.10904
2603.10910
2603.10913
2603.11027
2603.11047
2603.11058
2603.11103
2603.11169
2603.11170
2603.11179
2603.11243
2603.11274
2603.11327
2603.11504
2603.11510
2603.11601
2603.11682
2603.11846
2603.11881
2603.12106
2603.12180
2603.12201
2603.12252
2603.12255
2603.12257
2603.12463
2603.12465
2603.12475
2603.12485
2603.12522
2603.12597
2603.12704
2603.12768
2603.12813
2603.12861
2603.13071
2603.13157
2603.13200
2603.13224
2603.13255
2603.13351
2603.13379
2603.13398
2603.13517
2603.13537
2603.13539
2603.13606
2603.13617
2603.13633
2603.13636
2603.13672
2603.13717
2603.13765
2603.13768
2603.13810
2603.13834
2603.13985
2603.14016
2603.14079
2603.14108
2603.14134
2603.14145
2603.14206
2603.14326
2603.14366
2603.14423
2603.14473
2603.14482
2603.14597
2603.14682
2603.14723
2603.14732
2603.14769
2603.14806
2603.14864
2603.15003
2603.15013
2603.15031
2603.15034
2603.15500
2603.15569
2603.15583
2603.15619
2603.15624
2603.15799
2603.15970
2603.16050
2603.16110
2603.16171
2603.16184
2603.16197
2603.16216
2603.16335
2603.16397
2603.16448
2603.16455
2603.16536
2603.16557
2603.16749
2603.16853
2603.16856
2603.16861
2603.16899
2603.17024
2603.17074
2603.17150
2603.17205
2603.17484
2603.17540
2603.17592
2603.17617
2603.17621
2603.17768
2603.17839
2603.17866
2603.17924
2603.17989
2603.18004
2603.18049
2603.18079
2603.18171
2603.18178
2603.18233
2603.18353
2603.18488
2603.18815
2603.18976
2603.19002
2603.19149
2603.19173
2603.19220
2603.19228
2603.19253
2603.19258
2603.19400
2603.19527
2603.19570
2603.19588
2603.19685
2603.19744
2603.19835
2603.19944
2603.20043
2603.20155
2603.20172
2603.20176
2603.20192
2603.20210
2603.20219
2603.20223
2603.20225
2603.20264
2603.20275
2603.20276
2603.20368
2603.20421
2603.20475
2603.20533
2603.20582
2603.20639
2603.20642
2603.20661
2603.20686
2603.20889
2603.20898
2603.20912
2603.20920
2603.20957
2603.21065
2603.21077
2603.21341
2603.21365
2603.21383
2603.21416
2603.21434
2603.21461
2603.21531
2603.21533
2603.21682
2603.21847
2603.21872
2603.21990
2603.22057
2603.22061
2603.22075
2603.22117
2603.22118
2603.22212
2603.22273
2603.22275
2603.22287
2603.22341
2603.22344
2603.22446
2603.22455
2603.22529
2603.22536
2603.22538
2603.22582
2603.22642
2603.22730
2603.22748
2603.22779
2603.22816
2603.22899
2603.22917
2603.22942
2603.23251
2603.23297
2603.23343
2603.23386
2603.23405
2603.23482
2603.23499
2603.23500
2603.23513
2603.23528
2603.23640
2603.23710
2603.23806
2603.23841
2603.23994
2603.24177
2603.24373
2603.24432
2603.24458
2603.24472
2603.24508
2603.24520
2603.24536
2603.24574
2603.24586
2603.24607
2603.24662
2603.24758
2603.24881
2603.24943
2603.24963
2603.25040
2603.25100
2603.25120
2603.25155
2603.25220
2603.25240
2603.25245
2603.25551
2603.25732
2603.25745
2603.25750
2603.25764
2603.25804
2603.25823
2603.25930
2603.26250
2603.26304
2603.26310
2603.26648
2603.26673
2603.26769
2603.26839
2603.27008
2603.27015
2603.27027
2603.27064
2603.27164
2603.27437
2603.27440
2603.27490
2603.27538
2603.27569
2603.27751
2603.27838
2603.27859
2603.27908
2603.27950
2603.28021
2603.28038
2603.28123
2603.28309
2603.28342
2603.28458
2603.28670
2603.28708
2603.28713
2603.28762
2603.28784
2603.28793
2603.28888
2603.28952
2603.28954
2603.29002
2603.29038
2603.29093
2603.29095
2603.29197
2603.29322
2603.29339
2603.29422
2603.29620
2603.29890
2603.29961
2603.29993
2603.30028
2604.00012
2604.00159
2604.00222
2604.00238
2604.00362
2604.00610
2604.00626
2604.00698
2604.00778
2604.00788
2604.01052
2604.01193
2604.01220
2604.01312
2604.01354
2604.01411
2604.01496
2604.01658
2604.01674
2604.01676
2604.01682
2604.01687
2604.01702
2604.01751
2604.01779
2604.01811
2604.01929
2604.02158
2604.02207
2604.02211
2604.02288
2604.02296
2604.02315
2604.02319
2604.02324
2604.02330
2604.02344
2604.02447
2604.02556
2604.02652
2604.02684
2604.02754
2604.02912
2604.02967
2604.03057
2604.03121
2604.03144
2604.03196
2604.03279
2604.03291
2604.03337
2604.03585
2604.03782
2604.04020
2604.04064
2604.04088
2604.04182
2604.04318
2604.04319
2604.04332
2604.04354
2604.04679
2604.04746
2604.04823
2604.04872
2604.04921
2604.04936
2604.04937
2604.04948
2604.04949
2604.04976
2604.04978
2604.05072
2604.05081
2604.05119
2604.05164
2604.05180
2604.05212
2604.05267
2604.05314
2604.05424
2604.05591
2604.05608
2604.05643
2604.05716
2604.05782
2604.05943
2604.05969
2604.06019
2604.06183
2604.06217
2604.06268
2604.06339
2604.06376
2604.06401
2604.06421
2604.06422
2604.06448
2604.06477
2604.06567
2604.06609
2604.06628
2604.06737
2604.06802
2604.06834
2604.06898
2604.06906
2604.06916
2604.07007
2604.07116
2604.07190
2604.07345
2604.07348
2604.07409
2604.07430
2604.07484
2604.07565
2604.07606
2604.07634
2604.07639
2604.07645
2604.07809
2604.07839
2604.07843
2604.07902
2604.07927
2604.08011
2604.08062
2604.08148
2604.08196
2604.08302
2604.08318
2604.08364
2604.08500
2604.08516
2604.08618
2604.08626
2604.08644
2604.08645
2604.08664
2604.08704
2604.08982
2604.09048
2604.09134
2604.09168
2604.09408
2604.09431
2604.09482
2604.09530
2604.09557
2604.09602
2604.09609
2604.09617
2604.09619
2604.09631
2604.09839
2604.09860
2604.09870
2604.09885
2604.09916
2604.09995
2604.09996
2604.10064
2604.10095
2604.10098
2604.10138
2604.10261
2604.10268
2604.10287
2604.10306
2604.10390
2604.10425
2604.10438
2604.10465
2604.10571
2604.10690
2604.10852
2604.10866
2604.10875
2604.10905
2604.10941
2604.10967
2604.11003
2604.11050
2604.11061
2604.11072
2604.11102
2604.11119
2604.11177
2604.11269
2604.11391
2604.11506
2604.11521
2604.11603
2604.11610
2604.11618
2604.11661
2604.11689
2604.11737
2604.11778
2604.11804
2604.11805
2604.11840
2604.11943
2604.12002
2604.12012
2604.12035
2604.12110
2604.12206
2604.12277
2604.12301
2604.12303
2604.12374
2604.12398
2604.12493
2604.12506
2604.12548
2604.12652
2604.12867
2604.12949
2604.12989
2604.13010
2604.13016
2604.13034
2604.13036
2604.13051
2604.13068
2604.13074
2604.13313
2604.13346
2604.13504
2604.13537
2604.13602
2604.13620
2604.13737
2604.13759
2604.13829
2604.13902
2604.13934
2604.14004
2604.14025
2604.14029
2604.14142
2604.14148
2604.14215
2604.14256
2604.14258
2604.14268
2604.14327
2604.14334
2604.14362
2604.14435
2604.14493
2604.14518
2604.14552
2604.14568
2604.14663
2604.14816
2604.14858
2604.14869
2604.14907
2604.14932
2604.15044
2604.15082
2604.15093
2604.15151
2604.15190
2604.15244
2604.15261
2604.15282
2604.15309
2604.15311
2604.15321
2604.15342
2604.15350
2604.15411
2604.15453
2604.15493
2604.15574
2604.15579
2604.15637
2604.15664
2604.15706
2604.15710
2604.15715
2604.15760
2604.15804
2604.15923
2604.15937
2604.15944
2604.15950
2604.15976
2604.16007
2604.16027
2604.16029
2604.16038
2604.16044
2604.16054
2604.16060
2604.16111
2604.16204
2604.16254
2604.16272
2604.16275
2604.16299
2604.16313
2604.16320
2604.16353
2604.16367
2604.16368
2604.16375
2604.16391
2604.16462
2604.16498
2604.16503
2604.16504
2604.16529
2604.16576
2604.16593
2604.16642
2604.16659
2604.16671
2604.16672
2604.16680
2604.16826
2604.16830
2604.16872
2604.16886
2604.16893
2604.16902
2604.16911
2604.16913
2604.16926
2604.16943
2604.16957
2604.17073
2604.17078
2604.17091
2604.17187
2604.17229
2604.17240
2604.17273
2604.17295
2604.17308
2604.17318
2604.17338
2604.17359
2604.17388
2604.17397
2604.17406
2604.17431
2604.17435
2604.17454
2604.17465
2604.17472
2604.17492
2604.17550
2604.17565
2604.17568
2604.17596
2604.17609
2604.17632
2604.17677
2604.17696
2604.17698
2604.17761
2604.17789
2604.17803
2604.17834
2604.17878
2604.17886
2604.17929
2604.17930
2604.17972
2604.17982
2604.17987
2604.17988
2604.18131
2604.18164
2604.18168
2604.18203
2604.18224
2604.18240
2604.18267
2604.18292
2604.18328
2604.18375
2604.18394
2604.18396
2604.18429
2604.18486
2604.18518
2604.18519
2604.18529
2604.18543
2604.18564
2604.18566
2604.18574
2604.18580
2604.18584
2604.18591
2604.18592
2604.18756
2604.18780
2604.18805
2604.18845
2604.18893
2604.18896
2604.18932
2604.18955
2604.18982
2604.19021
2604.19079
2604.19211
2604.19254
2604.19295
2604.19321
2604.19341
2604.19406
2604.19410
2604.19438
2604.19440
2604.19459
2604.19461
2604.19548
2604.19550
2604.19572
2604.19587
2604.19636
2604.19638
2604.19642
2604.19654
2604.19667
2604.19672
2604.19695
2604.19698
2604.19720
2604.19728
2604.19734
2604.19741
2604.19742
2604.19747
2604.19748
2604.19767
2604.19835
2604.19856
2604.19859
2604.19877
2604.19902
2604.19926
2604.19945
2604.19966
2604.20012
2604.20032
2604.20041
2604.20062
2604.20087
2604.20156
2604.20200
2604.20244
2604.20246
2604.20328
2604.20329
2604.20398
2604.20441
2604.20496
2604.20570
2604.20640
2604.20665
2604.20673
2604.20714
2604.20720
2604.20726
2604.20733
2604.20779
2604.20796
2604.20817
2604.20841
2604.20857
2604.20953
2604.20987
2604.21003
2604.21026
2604.21100
2604.21106
2604.21129
2604.21152
2604.21193
2604.21282
2604.21300
2604.21375
2604.21432
2604.21433
2604.21480
2604.21481
2604.21497
2604.21518
2604.21523
2604.21590
2604.21668
2604.21681
2604.21686
2604.21689
2604.21718
2604.21889
2604.21904
2604.21915
2604.21921
2604.21931
2604.21958
2604.21964
2604.21984
2604.22032
2604.22085
2604.22119
2604.22152
2604.22180
2604.22294
2604.22312
2604.22353
2604.22430
2604.22436
2604.22446
2604.22554
2604.22565
2604.22586
2604.22748
2604.22782
2604.22817
2604.22841
2604.22842
2604.22868
2604.22875
2604.22880
2604.22985
2604.23099
2604.23178
2604.23195
2604.23210
2604.23341
2604.23347
2604.23380
2604.23394
2604.23426
2604.23446
2604.23466
2604.23539
2604.23575
2604.23586
2604.23600
2604.23604
2604.23644
2604.23758
2604.23772
2604.23774
2604.23775
2604.23781
2604.23789
2604.23831
2604.23941
2604.24003
2604.24005
2604.24026
2604.24040
2604.24169
2604.24170
2604.24197
2604.24198
2604.24300
2604.24351
2604.24441
2604.24479
2604.24575
2604.24583
2604.24597
2604.24625
2604.24628
2604.24658
2604.24762
2604.24763
2604.24764
2604.24819
2604.24842
2604.24868
2604.24902
2604.24927
2604.24952
2604.24953
2604.24954
2604.24966
2604.24977
2604.24978
2604.25032
2604.25135
2604.25154
2604.25164
2604.25213
2604.25231
2604.25256
2604.25325
2604.25370
2604.25374
2604.25427
2604.25441
2604.25476
2604.25636
2604.25719
2604.25724
2604.25727
2604.25788
2604.25806
2604.25819
2604.25884
2604.25907
2604.25914
2604.25917
2604.25930
2604.26067
2604.26091
2604.26103
2604.26116
2604.26139
2604.26186
2604.26197
2604.26275
2604.26326
2604.26343
2604.26649
2604.26694
2604.26752
2604.26779
2604.26837
2604.26889
2604.26904
2604.26951
2604.26954
2604.26955
2604.26974
2604.27001
2604.27014
2604.27039
2604.27083
2604.27085
2604.27124
2604.27151
2604.27221
2604.27233
2604.27251
2604.27263
2604.27279
2604.27351
2604.27393
2604.27405
2604.27410
2604.27419
2604.27488
2604.27505
2604.27578
2604.27582
2604.27618
2604.27660
2604.27711
2604.27720
2604.27766
2604.27776
2604.27818
2604.27891
2604.28075
2604.28082
2604.28116
2604.28123
2604.28130
2604.28139
2604.28157
2604.28158
2604.28169
2604.28181
2604.28185
2604.28190
2604.28196
2605.00015
2605.00080
2605.00180
2605.00199
2605.00229
2605.00273
2605.00323
2605.00347
2605.00380
2605.00392
2605.00397
2605.00414
2605.00416
2605.00425
2605.00453
2605.00488
2605.00503
2605.00519
2605.00529
2605.00553
2605.00623
2605.00632
2605.00658
2605.00691
2605.00754
2605.00777
2605.00781
2605.00809
2605.00814
2605.00877
2605.00884
2605.00891
2605.00925
2605.00932
2605.00933
2605.00940
2605.01018
2605.01187
2605.01214
2605.01234
2605.01284
2605.01322
2605.01371
2605.01428
2605.01466
2605.01480
2605.01489
2605.01549
2605.01640
2605.01711
2605.01717
2605.01725
2605.01727
2605.01841
2605.02028
2605.02130
2605.02134
2605.02178
2605.02222
2605.02240
2605.02290
2605.02291
2605.02396
2605.02458
2605.02462
2605.02568
2605.02661
2605.02730
2605.02801
2605.02881
2605.02904
2605.02910
2605.02913
2605.02943
2605.03042
2605.03073
2605.03196
2605.03229
2605.03245
2605.03269
2605.03295
2605.03314
2605.03353
2605.03354
2605.03395
2605.03443
2605.03571
2605.03596
2605.03667
2605.03713
2605.03812
2605.03848
2605.03849
2605.03934
2605.03941
2605.04012
2605.04018
2605.04035
2605.04036
2605.04045
2605.04077
2605.04107
2605.04128
2605.04178
2605.04330
2605.04449
2605.04451
2605.04453
2605.04461
2605.04488
2605.04491
2605.04523
2605.04527
2605.04566
2605.04569
2605.04604
2605.04615
2605.04637
2605.04647
2605.04651
2605.04677
2605.04808
2605.04842
2605.04903
2605.04916
2605.04956
2605.04962
2605.05148
2605.05163
2605.05166
2605.05185
2605.05204
2605.05216
2605.05242
2605.05252
2605.05280
2605.05365
2605.05427
2605.05558
2605.05566
2605.05630
2605.05662
2605.05696
2605.05699
2605.05704
2605.05716
2605.05724
2605.05750
2605.05758
2605.05765
2605.05781
2605.05806
2605.05838
2605.05886
2605.05922
2605.05945
2605.05997
2605.06105
2605.06130
2605.06139
2605.06169
2605.06184
2605.06196
2605.06200
2605.06216
2605.06221
2605.06222
2605.06241
2605.06273
2605.06376
2605.06380
2605.06416
2605.06455
2605.06477
2605.06484
2605.06507
2605.06527
2605.06535
2605.06546
2605.06548
2605.06554
2605.06597
2605.06607
2605.06614
2605.06627
2605.06628
2605.06638
2605.06642
2605.06643
2605.06651
2605.06652
2605.06663
2605.06665
2605.06672
2605.06716
2605.06738
2605.06747
2605.06788
2605.06792
2605.06832
2605.06846
2605.06924
2605.07039
2605.07075
2605.07079
2605.07112
2605.07153
2605.07177
2605.07210
2605.07237
2605.07243
2605.07249
2605.07269
2605.07363
2605.07366
2605.07394
2605.07396
2605.07447
2605.07465
2605.07510
2605.07579
2605.07604
2605.07637
2605.07719
2605.07721
2605.07748
2605.07755
2605.07825
2605.07850
2605.07865
2605.07894
2605.07896
2605.07915
2605.08017
2605.08029
2605.08043
2605.08044
2605.08063
2605.08078
2605.08083
2605.08295
2605.08299
2605.08334
2605.08354
2605.08384
2605.08404
2605.08423
2605.08435
2605.08472
2605.08504
2605.08513
2605.08518
2605.08520
2605.08557
2605.08583
2605.08614
2605.08615
2605.08678
2605.08703
2605.08715
2605.08734
2605.08735
2605.08737
2605.08738
2605.08792
2605.08845
2605.08913
2605.08978
2605.08985
2605.09063
2605.09075
2605.09131
2605.09163
2605.09196
2605.09262
2605.09266
2605.09269
2605.09271
2605.09296
2605.09370
2605.09433
2605.09504
2605.09530
2605.09548
2605.09591
2605.09608
2605.09611
2605.09618
2605.09640
2605.09649
2605.09650
2605.09681
2605.09708
2605.09721
2605.09789
2605.09806
2605.09850
2605.09877
2605.09928
2605.09942
2605.09959
2605.09996
2605.09998
2605.10032
2605.10158
2605.10234
2605.10268
2605.10296
2605.10302
2605.10341
2605.10344
2605.10365
2605.10391
2605.10409
2605.10434
2605.10453
2605.10468
2605.10488
2605.10537
2605.10544
2605.10616
2605.10664
2605.10678
2605.10730
2605.10762
2605.10772
2605.10780
2605.10781
2605.10799
2605.10813
2605.10832
2605.10848
2605.10867
2605.10889
2605.10899
2605.10912
2605.10921
2605.10922
2605.10923
2605.10933
2605.10938
2605.10977
2605.10998
2605.11011
2605.11058
2605.11086
2605.11111
2605.11136
2605.11182
2605.11255
2605.11303
2605.11363
2605.11378
2605.11400
2605.11424
2605.11433
2605.11458
2605.11496
2605.11518
2605.11550
2605.11581
2605.11582
2605.11609
2605.11629
2605.11696
2605.11711
2605.11733
2605.11739
2605.11775
2605.11882
2605.11887
2605.11999
2605.12004
2605.12013
2605.12028
2605.12034
2605.12038
2605.12058
2605.12070
2605.12090
2605.12178
2605.12199
2605.12290
2605.12293
2605.12357
2605.12411
2605.12438
2605.12449
2605.12460
2605.12466
2605.12474
2605.12477
2605.12481
2605.12483
2605.12484
2605.12492
2605.12493
2605.12495
2605.12496
2605.12497
2605.12500
2605.12501
2605.12524
2605.12535
2605.12556
2605.12587
2605.12618
2605.12623
2605.12678
2605.12684
2605.12733
2605.12786
2605.12817
2605.12825
2605.12882
2605.12913
2605.12925
2605.12964
2605.12975
2605.12978
2605.12995
2605.13027
2605.13030
2605.13037
2605.13050
2605.13062
2605.13087
2605.13163
2605.13169
2605.13292
2605.13301
2605.13339
2605.13424
2605.13481
2605.13511
2605.13521
2605.13527
2605.13538
2605.13542
2605.13565
2605.13647
2605.13722
2605.13724
2605.13734
2605.13740
2605.13757
2605.13775
2605.13779
2605.13831
2605.13834
2605.13841
2605.13850
2605.13852
2605.13880
2605.13928
2605.13941
2605.13997
2605.14038
2605.14040
2605.14068
2605.14169
2605.14212
2605.14236
2605.14269
2605.14271
2605.14278
2605.14292
2605.14306
2605.14323
2605.14333
2605.14352
2605.14354
2605.14368
2605.14386
2605.14389
2605.14392
2605.14418
2605.14438
2605.14445
2605.14454
2605.14539
2605.14589
2605.14607
2605.14678
2605.14712
2605.14747
2605.14786
2605.14842
2605.14876
2605.14890
2605.14892
2605.14906
2605.14960
2605.14984
2605.15012
2605.15035
2605.15040
2605.15055
2605.15113
2605.15128
2605.15138
2605.15141
2605.15155
2605.15167
2605.15178
2605.15181
2605.15182
2605.15185
2605.15186
2605.15188
2605.15190
2605.15193
2605.15198
2605.15250
2605.15256
2605.15281
2605.15298
2605.15301
2605.15320
2605.15375
2605.15458
2605.15482
2605.15490
2605.15529
2605.15565
2605.15572
2605.15592
2605.15597
2605.15635
2605.15669
2605.15726
2605.15764
2605.15824
2605.15843
2605.15864
2605.15871
2605.15876
2605.15961
2605.15963
2605.15980
2605.16003
2605.16079
2605.16143
2605.16245
2605.16251
2605.16257
2605.16259
2605.16344
2605.16349
2605.16386
2605.16403
2605.16479
2605.16555
2605.16565
2605.16575
2605.16640
2605.16679
2605.16684
2605.16738
2605.16787
2605.16819
2605.16839
2605.16865
2605.16882
2605.16893
2605.16909
2605.16928
2605.17026
2605.17062
2605.17076
2605.17085
2605.17109
2605.17110
2605.17199
2605.17242
2605.17260
2605.17278
2605.17283
2605.17309
2605.17318
2605.17360
2605.17416
2605.17423
2605.17448
2605.17526
2605.17554
2605.17556
2605.17602
2605.17659
2605.17672
2605.17698
2605.17701
2605.17734
2605.17757
2605.17762
2605.17766
2605.17829
2605.17842
2605.17873
2605.17894
2605.17898
2605.17900
2605.17909
2605.17916
2605.17928
2605.17933
2605.17991
2605.18018
2605.18101
2605.18106
2605.18226
2605.18232
2605.18233
2605.18239
2605.18263
2605.18287
2605.18329
2605.18401
2605.18414
2605.18451
2605.18498
2605.18521
2605.18530
2605.18549
2605.18565
2605.18577
2605.18601
2605.18607
2605.18613
2605.18630
2605.18643
2605.18646
2605.18652
2605.18661
2605.18678
2605.18703
2605.18714
2605.18719
2605.18727
2605.18739
2605.18743
2605.18746
2605.18747
2605.18748
2605.18749
2605.18758
2605.18827
2605.18840
2605.18855
2605.18857
2605.18891
2605.18954
2605.18984
2605.19008
2605.19102
2605.19147
2605.19156
2605.19173
2605.19282
2605.19305
2605.19330
2605.19354
2605.19376
2605.19436
2605.19481
2605.19484
2605.19516
2605.19577
2605.19597
2605.19633
2605.19660
2605.19769
2605.19786
2605.19804
2605.19833
2605.19908
2605.19932
2605.19990
2605.19995
2605.20025
2605.20035
2605.20075
2605.20087
2605.20104
2605.20110
2605.20119
2605.20147
2605.20150
2605.20157
2605.20158
2605.20164
2605.20176
2605.20177
2605.20179
2605.20183
2605.20204
2605.20244
2605.20258
2605.20266
2605.20315
2605.20368
2605.20405
2605.20443
2605.20466
2605.20491
2605.20496
2605.20552
2605.20579
2605.20584
2605.20613
2605.20630
2605.20657
2605.20668
2605.20682
2605.20695
2605.20708
2605.20834
2605.20873
2605.20910
2605.20955
2605.21072
2605.21131
2605.21187
2605.21195
2605.21226
2605.21325
2605.21343
2605.21363
2605.21384
2605.21431
2605.21446
2605.21463
2605.21467
2605.21468
2605.21487
2605.21488
2605.21537
2605.21572
2605.21573
2605.21605
2605.21803
2605.21804
2605.21810
2605.21812
2605.21850
2605.21856
2605.21969
2605.21981
2605.22007
2605.22012
2605.22064
2605.22074
2605.22109
2605.22125
2605.22138
2605.22144
2605.22177
2605.22238
2605.22344
2605.22355
2605.22415
2605.22502
2605.22535
2605.22536
2605.22538
2605.22552
2605.22570
2605.22581
2605.22641
2605.22642
2605.22668
2605.22678
2605.22681
2605.22714
2605.22715
2605.22717
2605.22718
2605.22720
2605.22766
2605.22777
2605.22791
2605.22809
2605.22831
2605.22878
2605.23007
2605.23057
2605.23103
2605.23108
2605.23147
2605.23157
2605.23312
2605.23345
2605.23463
2605.23771
2605.23888
2605.23892
2605.23893
2605.23897
2605.23899
2605.23901
2605.23902
2605.23903
2605.23904
2605.23911
2605.23918
2605.23921
2605.23958
2605.24130
2605.24229
2605.24239
2605.24383
2605.24518
2605.24527
2605.24675
2605.24681
2605.24699
2605.24735
2605.24902
2605.25019
2605.25297
2605.25382
2605.25420
2605.25454
2605.25480
2605.25486
2605.25528
2605.25583
2605.25604
2605.25624
2605.25682
2605.25790
2605.25849
2605.25874
2605.26013
2605.26181
2605.26275
2605.26297
2605.26461
2605.26478
2605.26486
2605.26575
2605.26772
2605.26882
2605.26941
2605.27025
2605.27259
2605.27365
2605.27392
2605.27440
2605.27488
2605.27586
2605.27599
2605.27630
2605.27716
2605.27740
2605.27766
2605.27788
2605.27846
2605.27860
2605.27971
2605.28091
2605.28129
2605.28139
2605.28149
2605.28218
2605.28301
2605.28315
2605.28738
2605.28763
2605.28916
2605.29001
2605.29018
2605.29114
2605.29247
2605.29277
2605.29357
2605.29379
2605.29408
2605.29615
2605.29639
2605.29791
2605.29795
2605.29847
2605.29960
2605.30000
2605.30073
2605.30189
2605.30207
2605.30257
2605.30280
2605.30308
2605.30312
2605.30341
2605.30407
2605.30694
2605.30854
2605.31097
2605.31421
2606.00089
2606.00342
2606.00445
2606.00462
2606.00712
2606.00754
2606.01338
2606.01456
2606.01852
2606.02798
2606.03169
2606.03468
2606.03746
2606.04232
